LnID,DID,BLID,FLID,BNID,FNID,JCT,BLID2,BLID3,BLID4,FLID2,FLID3,FLID4,ClossID,Span,LCnt,Lno,LaneType,LimitVel,RefVel,RoadSecID,LaneChgFG
1,1,0,2,1,2,0,0,0,0,0,0,0,0,0,1,1,0,20,20,0,0
2,2,1,3,2,3,0,0,0,0,0,0,0,0,0,1,1,0,20,20,0,0
3,3,2,4,3,4,0,0,0,0,0,0,0,0,0,1,1,0,20,20,0,0
4,4,3,5,4,5,0,0,0,0,0,0,0,0,0,1,1,0,20,20,0,0
5,5,4,6,5,6,0,0,0,0,0,0,0,0,0,1,1,0,20,20,0,0
6,6,5,7,6,7,0,0,0,0,0,0,0,0,0,1,1,0,20,20,0,0
7,7,6,8,7,8,0,0,0,0,0,0,0,0,0,1,1,0,20,20,0,0
8,8,7,9,8,9,0,0,0,0,0,0,0,0,0,1,1,0,20,20,0,0
9,9,8,10,9,10,0,0,0,0,0,0,0,0,0,1,1,0,20,20,0,0
10,10,9,11,10,11,0,0,0,0,0,0,0,0,0,1,1,0,20,20,0,0
11,11,10,12,11,12,0,0,0,0,0,0,0,0,0,1,1,0,20,20,0,0
12,12,11,13,12,13,0,0,0,0,0,0,0,0,0,1,1,0,20,20,0,0
13,13,12,14,13,14,0,0,0,0,0,0,0,0,0,1,1,0,20,20,0,0
14,14,13,15,14,15,0,0,0,0,0,0,0,0,0,1,1,0,20,20,0,0
15,15,14,16,15,16,0,0,0,0,0,0,0,0,0,1,1,0,20,20,0,0
16,16,15,17,16,17,0,0,0,0,0,0,0,0,0,1,1,0,20,20,0,0
17,17,16,18,17,18,0,0,0,0,0,0,0,0,0,1,1,0,20,20,0,0
18,18,17,19,18,19,0,0,0,0,0,0,0,0,0,1,1,0,20,20,0,0
19,19,18,20,19,20,0,0,0,0,0,0,0,0,0,1,1,0,20,20,0,0
20,20,19,21,20,21,0,0,0,0,0,0,0,0,0,1,1,0,20,20,0,0
21,21,20,22,21,22,0,0,0,0,0,0,0,0,0,1,1,0,20,20,0,0
22,22,21,23,22,23,0,0,0,0,0,0,0,0,0,1,1,0,20,20,0,0
23,23,22,24,23,24,0,0,0,0,0,0,0,0,0,1,1,0,20,20,0,0
24,24,23,25,24,25,0,0,0,0,0,0,0,0,0,1,1,0,20,20,0,0
25,25,24,26,25,26,0,0,0,0,0,0,0,0,0,1,1,0,20,20,0,0
26,26,25,27,26,27,0,0,0,0,0,0,0,0,0,1,1,0,20,20,0,0
27,27,26,28,27,28,0,0,0,0,0,0,0,0,0,1,1,0,20,20,0,0
28,28,27,29,28,29,0,0,0,0,0,0,0,0,0,1,1,0,20,20,0,0
29,29,28,30,29,30,0,0,0,0,0,0,0,0,0,1,1,0,20,20,0,0
30,30,29,31,30,31,0,0,0,0,0,0,0,0,0,1,1,0,20,20,0,0
31,31,30,32,31,32,0,0,0,0,0,0,0,0,0,1,1,0,20,20,0,0
32,32,31,33,32,33,0,0,0,0,0,0,0,0,0,1,1,0,20,20,0,0
33,33,32,34,33,34,0,0,0,0,0,0,0,0,0,1,1,0,20,20,0,0
34,34,33,35,34,35,0,0,0,0,0,0,0,0,0,1,1,0,20,20,0,0
35,35,34,36,35,36,0,0,0,0,0,0,0,0,0,1,1,0,20,20,0,0
36,36,35,37,36,37,0,0,0,0,0,0,0,0,0,1,1,0,20,20,0,0
37,37,36,38,37,38,0,0,0,0,0,0,0,0,0,1,1,0,20,20,0,0
38,38,37,39,38,39,0,0,0,0,0,0,0,0,0,1,1,0,20,20,0,0
39,39,38,40,39,40,0,0,0,0,0,0,0,0,0,1,1,0,20,20,0,0
40,40,39,41,40,41,0,0,0,0,0,0,0,0,0,1,1,0,20,20,0,0
41,41,40,42,41,42,0,0,0,0,0,0,0,0,0,1,1,0,20,20,0,0
42,42,41,43,42,43,0,0,0,0,0,0,0,0,0,1,1,0,20,20,0,0
43,43,42,44,43,44,0,0,0,0,0,0,0,0,0,1,1,0,20,20,0,0
44,44,43,45,44,45,0,0,0,0,0,0,0,0,0,1,1,0,20,20,0,0
45,45,44,46,45,46,0,0,0,0,0,0,0,0,0,1,1,0,20,20,0,0
46,46,45,47,46,47,0,0,0,0,0,0,0,0,0,1,1,0,20,20,0,0
47,47,46,48,47,48,0,0,0,0,0,0,0,0,0,1,1,0,20,20,0,0
48,48,47,49,48,49,0,0,0,0,0,0,0,0,0,1,1,0,20,20,0,0
49,49,48,50,49,50,0,0,0,0,0,0,0,0,0,1,1,0,20,20,0,0
50,50,49,51,50,51,0,0,0,0,0,0,0,0,0,1,1,0,20,20,0,0
51,51,50,52,51,52,0,0,0,0,0,0,0,0,0,1,1,0,20,20,0,0
52,52,51,53,52,53,0,0,0,0,0,0,0,0,0,1,1,0,20,20,0,0
53,53,52,54,53,54,0,0,0,0,0,0,0,0,0,1,1,0,20,20,0,0
54,54,53,55,54,55,0,0,0,0,0,0,0,0,0,1,1,0,20,20,0,0
55,55,54,56,55,56,0,0,0,0,0,0,0,0,0,1,1,0,20,20,0,0
56,56,55,57,56,57,0,0,0,0,0,0,0,0,0,1,1,0,5,5,0,0
57,57,56,58,57,58,0,0,0,0,0,0,0,0,0,1,1,0,5,5,0,0
58,58,57,59,58,59,0,0,0,0,0,0,0,0,0,1,1,0,5,5,0,0
59,59,58,60,59,60,0,0,0,0,0,0,0,0,0,1,1,0,5,5,0,0
60,60,59,61,60,61,0,0,0,0,0,0,0,0,0,1,1,0,5,5,0,0
61,61,60,62,61,62,0,0,0,0,0,0,0,0,0,1,1,0,5,5,0,0
62,62,61,63,62,63,0,0,0,0,0,0,0,0,0,1,1,0,5,5,0,0
63,63,62,64,63,64,0,0,0,0,0,0,0,0,0,1,1,0,5,5,0,0
64,64,63,65,64,65,0,0,0,0,0,0,0,0,0,1,1,0,5,5,0,0
65,65,64,66,65,66,0,0,0,0,0,0,0,0,0,1,1,0,5,5,0,0
66,66,65,67,66,67,0,0,0,0,0,0,0,0,0,1,1,0,5,5,0,0
67,67,66,68,67,68,0,0,0,0,0,0,0,0,0,1,1,0,5,5,0,0
68,68,67,69,68,69,0,0,0,0,0,0,0,0,0,1,1,0,5,5,0,0
69,69,68,70,69,70,0,0,0,0,0,0,0,0,0,1,1,0,5,5,0,0
70,70,69,71,70,71,0,0,0,0,0,0,0,0,0,1,1,0,5,5,0,0
71,71,70,72,71,72,0,0,0,0,0,0,0,0,0,1,1,0,5,5,0,0
72,72,71,73,72,73,0,0,0,0,0,0,0,0,0,1,1,0,15,15,0,0
73,73,72,74,73,74,0,0,0,0,0,0,0,0,0,1,1,0,15,15,0,0
74,74,73,75,74,75,0,0,0,0,0,0,0,0,0,1,1,0,15,15,0,0
75,75,74,76,75,76,0,0,0,0,0,0,0,0,0,1,1,0,15,15,0,0
76,76,75,77,76,77,0,0,0,0,0,0,0,0,0,1,1,0,15,15,0,0
77,77,76,78,77,78,0,0,0,0,0,0,0,0,0,1,1,0,15,15,0,0
78,78,77,79,78,79,0,0,0,0,0,0,0,0,0,1,1,0,15,15,0,0
79,79,78,80,79,80,0,0,0,0,0,0,0,0,0,1,1,0,15,15,0,0
80,80,79,81,80,81,0,0,0,0,0,0,0,0,0,1,1,0,15,15,0,0
81,81,80,82,81,82,0,0,0,0,0,0,0,0,0,1,1,0,15,15,0,0
82,82,81,83,82,83,0,0,0,0,0,0,0,0,0,1,1,0,15,15,0,0
83,83,82,84,83,84,0,0,0,0,0,0,0,0,0,1,1,0,15,15,0,0
84,84,83,85,84,85,0,0,0,0,0,0,0,0,0,1,1,0,15,15,0,0
85,85,84,86,85,86,0,0,0,0,0,0,0,0,0,1,1,0,15,15,0,0
86,86,85,87,86,87,0,0,0,0,0,0,0,0,0,1,1,0,15,15,0,0
87,87,86,88,87,88,0,0,0,0,0,0,0,0,0,1,1,0,15,15,0,0
88,88,87,89,88,89,0,0,0,0,0,0,0,0,0,1,1,0,15,15,0,0
89,89,88,90,89,90,0,0,0,0,0,0,0,0,0,1,1,0,15,15,0,0
90,90,89,91,90,91,0,0,0,0,0,0,0,0,0,1,1,0,15,15,0,0
91,91,90,92,91,92,0,0,0,0,0,0,0,0,0,1,1,0,15,15,0,0
92,92,91,93,92,93,0,0,0,0,0,0,0,0,0,1,1,0,15,15,0,0
93,93,92,94,93,94,0,0,0,0,0,0,0,0,0,1,1,0,15,15,0,0
94,94,93,95,94,95,0,0,0,0,0,0,0,0,0,1,1,0,15,15,0,0
95,95,94,96,95,96,0,0,0,0,0,0,0,0,0,1,1,0,15,15,0,0
96,96,95,97,96,97,0,0,0,0,0,0,0,0,0,1,1,0,15,15,0,0
97,97,96,98,97,98,0,0,0,0,0,0,0,0,0,1,1,0,15,15,0,0
98,98,97,99,98,99,0,0,0,0,0,0,0,0,0,1,1,0,15,15,0,0
99,99,98,100,99,100,0,0,0,0,0,0,0,0,0,1,1,0,15,15,0,0
100,100,99,101,100,101,0,0,0,0,0,0,0,0,0,1,1,0,15,15,0,0
101,101,100,102,101,102,0,0,0,0,0,0,0,0,0,1,1,0,15,15,0,0
102,102,101,103,102,103,0,0,0,0,0,0,0,0,0,1,1,0,15,15,0,0
103,103,102,104,103,104,0,0,0,0,0,0,0,0,0,1,1,0,15,15,0,0
104,104,103,105,104,105,0,0,0,0,0,0,0,0,0,1,1,0,15,15,0,0
105,105,104,106,105,106,0,0,0,0,0,0,0,0,0,1,1,0,15,15,0,0
106,106,105,107,106,107,0,0,0,0,0,0,0,0,0,1,1,0,15,15,0,0
107,107,106,108,107,108,0,0,0,0,0,0,0,0,0,1,1,0,15,15,0,0
108,108,107,109,108,109,0,0,0,0,0,0,0,0,0,1,1,0,15,15,0,0
109,109,108,110,109,110,0,0,0,0,0,0,0,0,0,1,1,0,15,15,0,0
110,110,109,111,110,111,0,0,0,0,0,0,0,0,0,1,1,0,15,15,0,0
111,111,110,112,111,112,0,0,0,0,0,0,0,0,0,1,1,0,15,15,0,0
112,112,111,113,112,113,0,0,0,0,0,0,0,0,0,1,1,0,15,15,0,0
113,113,112,114,113,114,0,0,0,0,0,0,0,0,0,1,1,0,15,15,0,0
114,114,113,115,114,115,0,0,0,0,0,0,0,0,0,1,1,0,15,15,0,0
115,115,114,116,115,116,0,0,0,0,0,0,0,0,0,1,1,0,15,15,0,0
116,116,115,117,116,117,0,0,0,0,0,0,0,0,0,1,1,0,15,15,0,0
117,117,116,118,117,118,0,0,0,0,0,0,0,0,0,1,1,0,15,15,0,0
118,118,117,119,118,119,0,0,0,0,0,0,0,0,0,1,1,0,15,15,0,0
119,119,118,120,119,120,0,0,0,0,0,0,0,0,0,1,1,0,15,15,0,0
120,120,119,121,120,121,0,0,0,0,0,0,0,0,0,1,1,0,15,15,0,0
121,121,120,122,121,122,0,0,0,0,0,0,0,0,0,1,1,0,15,15,0,0
122,122,121,123,122,123,0,0,0,0,0,0,0,0,0,1,1,0,15,15,0,0
123,123,122,124,123,124,0,0,0,0,0,0,0,0,0,1,1,0,15,15,0,0
124,124,123,125,124,125,0,0,0,0,0,0,0,0,0,1,1,0,5,5,0,0
125,125,124,126,125,126,0,0,0,0,0,0,0,0,0,1,1,0,5,5,0,0
126,126,125,127,126,127,0,0,0,0,0,0,0,0,0,1,1,0,5,5,0,0
127,127,126,128,127,128,0,0,0,0,0,0,0,0,0,1,1,0,5,5,0,0
128,128,127,129,128,129,0,0,0,0,0,0,0,0,0,1,1,0,5,5,0,0
129,129,128,130,129,130,0,0,0,0,0,0,0,0,0,1,1,0,5,5,0,0
130,130,129,131,130,131,0,0,0,0,0,0,0,0,0,1,1,0,5,5,0,0
131,131,130,132,131,132,0,0,0,0,0,0,0,0,0,1,1,0,15,15,0,0
132,132,131,133,132,133,0,0,0,0,0,0,0,0,0,1,1,0,15,15,0,0
133,133,132,134,133,134,0,0,0,0,0,0,0,0,0,1,1,0,15,15,0,0
134,134,133,135,134,135,0,0,0,0,0,0,0,0,0,1,1,0,15,15,0,0
135,135,134,136,135,136,0,0,0,0,0,0,0,0,0,1,1,0,15,15,0,0
136,136,135,137,136,137,0,0,0,0,0,0,0,0,0,1,1,0,15,15,0,0
137,137,136,138,137,138,0,0,0,0,0,0,0,0,0,1,1,0,15,15,0,0
138,138,137,139,138,139,0,0,0,0,0,0,0,0,0,1,1,0,15,15,0,0
139,139,138,140,139,140,0,0,0,0,0,0,0,0,0,1,1,0,15,15,0,0
140,140,139,141,140,141,0,0,0,0,0,0,0,0,0,1,1,0,15,15,0,0
141,141,140,142,141,142,0,0,0,0,0,0,0,0,0,1,1,0,15,15,0,0
142,142,141,143,142,143,0,0,0,0,0,0,0,0,0,1,1,0,15,15,0,0
143,143,142,144,143,144,0,0,0,0,0,0,0,0,0,1,1,0,15,15,0,0
144,144,143,145,144,145,0,0,0,0,0,0,0,0,0,1,1,0,15,15,0,0
145,145,144,146,145,146,0,0,0,0,0,0,0,0,0,1,1,0,15,15,0,0
146,146,145,147,146,147,0,0,0,0,0,0,0,0,0,1,1,0,15,15,0,0
147,147,146,148,147,148,0,0,0,0,0,0,0,0,0,1,1,0,15,15,0,0
148,148,147,149,148,149,0,0,0,0,0,0,0,0,0,1,1,0,15,15,0,0
149,149,148,150,149,150,0,0,0,0,0,0,0,0,0,1,1,0,15,15,0,0
150,150,149,151,150,151,0,0,0,0,0,0,0,0,0,1,1,0,15,15,0,0
151,151,150,152,151,152,0,0,0,0,0,0,0,0,0,1,1,0,15,15,0,0
152,152,151,153,152,153,0,0,0,0,0,0,0,0,0,1,1,0,15,15,0,0
153,153,152,154,153,154,0,0,0,0,0,0,0,0,0,1,1,0,15,15,0,0
154,154,153,155,154,155,0,0,0,0,0,0,0,0,0,1,1,0,15,15,0,0
155,155,154,156,155,156,0,0,0,0,0,0,0,0,0,1,1,0,15,15,0,0
156,156,155,157,156,157,0,0,0,0,0,0,0,0,0,1,1,0,15,15,0,0
157,157,156,158,157,158,0,0,0,0,0,0,0,0,0,1,1,0,15,15,0,0
158,158,157,159,158,159,0,0,0,0,0,0,0,0,0,1,1,0,15,15,0,0
159,159,158,160,159,160,0,0,0,0,0,0,0,0,0,1,1,0,15,15,0,0
160,160,159,161,160,161,0,0,0,0,0,0,0,0,0,1,1,0,15,15,0,0
161,161,160,162,161,162,0,0,0,0,0,0,0,0,0,1,1,0,15,15,0,0
162,162,161,163,162,163,0,0,0,0,0,0,0,0,0,1,1,0,15,15,0,0
163,163,162,164,163,164,0,0,0,0,0,0,0,0,0,1,1,0,15,15,0,0
164,164,163,165,164,165,0,0,0,0,0,0,0,0,0,1,1,0,15,15,0,0
165,165,164,166,165,166,0,0,0,0,0,0,0,0,0,1,1,0,15,15,0,0
166,166,165,167,166,167,0,0,0,0,0,0,0,0,0,1,1,0,15,15,0,0
167,167,166,168,167,168,0,0,0,0,0,0,0,0,0,1,1,0,15,15,0,0
168,168,167,169,168,169,0,0,0,0,0,0,0,0,0,1,1,0,15,15,0,0
169,169,168,170,169,170,0,0,0,0,0,0,0,0,0,1,1,0,15,15,0,0
170,170,169,171,170,171,0,0,0,0,0,0,0,0,0,1,1,0,5,5,0,0
171,171,170,172,171,172,0,0,0,0,0,0,0,0,0,1,1,0,5,5,0,0
172,172,171,173,172,173,0,0,0,0,0,0,0,0,0,1,1,0,5,5,0,0
173,173,172,174,173,174,0,0,0,0,0,0,0,0,0,1,1,0,5,5,0,0
174,174,173,175,174,175,0,0,0,0,0,0,0,0,0,1,1,0,5,5,0,0
175,175,174,176,175,176,0,0,0,0,0,0,0,0,0,1,1,0,5,5,0,0
176,176,175,177,176,177,0,0,0,0,0,0,0,0,0,1,1,0,5,5,0,0
177,177,176,178,177,178,0,0,0,0,0,0,0,0,0,1,1,0,5,5,0,0
178,178,177,179,178,179,0,0,0,0,0,0,0,0,0,1,1,0,5,5,0,0
179,179,178,180,179,180,0,0,0,0,0,0,0,0,0,1,1,0,5,5,0,0
180,180,179,181,180,181,0,0,0,0,0,0,0,0,0,1,1,0,5,5,0,0
181,181,180,182,181,182,0,0,0,0,0,0,0,0,0,1,1,0,5,5,0,0
182,182,181,183,182,183,0,0,0,0,0,0,0,0,0,1,1,0,5,5,0,0
183,183,182,184,183,184,0,0,0,0,0,0,0,0,0,1,1,0,15,15,0,0
184,184,183,185,184,185,0,0,0,0,0,0,0,0,0,1,1,0,15,15,0,0
185,185,184,186,185,186,0,0,0,0,0,0,0,0,0,1,1,0,15,15,0,0
186,186,185,187,186,187,0,0,0,0,0,0,0,0,0,1,1,0,15,15,0,0
187,187,186,188,187,188,0,0,0,0,0,0,0,0,0,1,1,0,15,15,0,0
188,188,187,189,188,189,0,0,0,0,0,0,0,0,0,1,1,0,15,15,0,0
189,189,188,190,189,190,0,0,0,0,0,0,0,0,0,1,1,0,15,15,0,0
190,190,189,191,190,191,0,0,0,0,0,0,0,0,0,1,1,0,15,15,0,0
191,191,190,192,191,192,0,0,0,0,0,0,0,0,0,1,1,0,15,15,0,0
192,192,191,193,192,193,0,0,0,0,0,0,0,0,0,1,1,0,15,15,0,0
193,193,192,194,193,194,0,0,0,0,0,0,0,0,0,1,1,0,15,15,0,0
194,194,193,195,194,195,0,0,0,0,0,0,0,0,0,1,1,0,15,15,0,0
195,195,194,196,195,196,0,0,0,0,0,0,0,0,0,1,1,0,15,15,0,0
196,196,195,197,196,197,0,0,0,0,0,0,0,0,0,1,1,0,15,15,0,0
197,197,196,198,197,198,0,0,0,0,0,0,0,0,0,1,1,0,15,15,0,0
198,198,197,199,198,199,0,0,0,0,0,0,0,0,0,1,1,0,15,15,0,0
199,199,198,200,199,200,0,0,0,0,0,0,0,0,0,1,1,0,15,15,0,0
200,200,199,201,200,201,0,0,0,0,0,0,0,0,0,1,1,0,15,15,0,0
201,201,200,202,201,202,0,0,0,0,0,0,0,0,0,1,1,0,15,15,0,0
202,202,201,203,202,203,0,0,0,0,0,0,0,0,0,1,1,0,15,15,0,0
203,203,202,204,203,204,0,0,0,0,0,0,0,0,0,1,1,0,15,15,0,0
204,204,203,205,204,205,0,0,0,0,0,0,0,0,0,1,1,0,15,15,0,0
205,205,204,206,205,206,0,0,0,0,0,0,0,0,0,1,1,0,15,15,0,0
206,206,205,207,206,207,0,0,0,0,0,0,0,0,0,1,1,0,15,15,0,0
207,207,206,208,207,208,0,0,0,0,0,0,0,0,0,1,1,0,15,15,0,0
208,208,207,209,208,209,0,0,0,0,0,0,0,0,0,1,1,0,15,15,0,0
209,209,208,210,209,210,0,0,0,0,0,0,0,0,0,1,1,0,15,15,0,0
210,210,209,211,210,211,0,0,0,0,0,0,0,0,0,1,1,0,15,15,0,0
211,211,210,212,211,212,0,0,0,0,0,0,0,0,0,1,1,0,15,15,0,0
212,212,211,213,212,213,0,0,0,0,0,0,0,0,0,1,1,0,15,15,0,0
213,213,212,214,213,214,0,0,0,0,0,0,0,0,0,1,1,0,15,15,0,0
214,214,213,215,214,215,0,0,0,0,0,0,0,0,0,1,1,0,15,15,0,0
215,215,214,216,215,216,0,0,0,0,0,0,0,0,0,1,1,0,15,15,0,0
216,216,215,217,216,217,0,0,0,0,0,0,0,0,0,1,1,0,15,15,0,0
217,217,216,218,217,218,0,0,0,0,0,0,0,0,0,1,1,0,15,15,0,0
218,218,217,219,218,219,0,0,0,0,0,0,0,0,0,1,1,0,15,15,0,0
219,219,218,220,219,220,0,0,0,0,0,0,0,0,0,1,1,0,15,15,0,0
220,220,219,0,220,221,0,0,0,0,0,0,0,0,0,1,1,0,15,15,0,0
221,221,0,222,222,223,0,0,0,0,0,0,0,0,0,1,1,0,15,15,0,0
222,222,221,223,223,224,0,0,0,0,0,0,0,0,0,1,1,0,15,15,0,0
223,223,222,224,224,225,0,0,0,0,0,0,0,0,0,1,1,0,15,15,0,0
224,224,223,225,225,226,0,0,0,0,0,0,0,0,0,1,1,0,15,15,0,0
225,225,224,226,226,227,0,0,0,0,0,0,0,0,0,1,1,0,15,15,0,0
226,226,225,227,227,228,0,0,0,0,0,0,0,0,0,1,1,0,15,15,0,0
227,227,226,228,228,229,0,0,0,0,0,0,0,0,0,1,1,0,15,15,0,0
228,228,227,229,229,230,0,0,0,0,0,0,0,0,0,1,1,0,15,15,0,0
229,229,228,230,230,231,0,0,0,0,0,0,0,0,0,1,1,0,15,15,0,0
230,230,229,231,231,232,0,0,0,0,0,0,0,0,0,1,1,0,15,15,0,0
231,231,230,232,232,233,0,0,0,0,0,0,0,0,0,1,1,0,15,15,0,0
232,232,231,233,233,234,0,0,0,0,0,0,0,0,0,1,1,0,15,15,0,0
233,233,232,234,234,235,0,0,0,0,0,0,0,0,0,1,1,0,15,15,0,0
234,234,233,235,235,236,0,0,0,0,0,0,0,0,0,1,1,0,15,15,0,0
235,235,234,236,236,237,0,0,0,0,0,0,0,0,0,1,1,0,15,15,0,0
236,236,235,237,237,238,0,0,0,0,0,0,0,0,0,1,1,0,15,15,0,0
237,237,236,238,238,239,0,0,0,0,0,0,0,0,0,1,1,0,15,15,0,0
238,238,237,239,239,240,0,0,0,0,0,0,0,0,0,1,1,0,15,15,0,0
239,239,238,240,240,241,0,0,0,0,0,0,0,0,0,1,1,0,15,15,0,0
240,240,239,241,241,242,0,0,0,0,0,0,0,0,0,1,1,0,15,15,0,0
241,241,240,242,242,243,0,0,0,0,0,0,0,0,0,1,1,0,15,15,0,0
242,242,241,243,243,244,0,0,0,0,0,0,0,0,0,1,1,0,15,15,0,0
243,243,242,244,244,245,0,0,0,0,0,0,0,0,0,1,1,0,15,15,0,0
244,244,243,245,245,246,0,0,0,0,0,0,0,0,0,1,1,0,15,15,0,0
245,245,244,246,246,247,0,0,0,0,0,0,0,0,0,1,1,0,15,15,0,0
246,246,245,247,247,248,0,0,0,0,0,0,0,0,0,1,1,0,15,15,0,0
247,247,246,248,248,249,0,0,0,0,0,0,0,0,0,1,1,0,15,15,0,0
248,248,247,249,249,250,0,0,0,0,0,0,0,0,0,1,1,0,15,15,0,0
249,249,248,250,250,251,0,0,0,0,0,0,0,0,0,1,1,0,15,15,0,0
250,250,249,251,251,252,0,0,0,0,0,0,0,0,0,1,1,0,15,15,0,0
251,251,250,252,252,253,0,0,0,0,0,0,0,0,0,1,1,0,15,15,0,0
252,252,251,253,253,254,0,0,0,0,0,0,0,0,0,1,1,0,15,15,0,0
253,253,252,254,254,255,0,0,0,0,0,0,0,0,0,1,1,0,15,15,0,0
254,254,253,255,255,256,0,0,0,0,0,0,0,0,0,1,1,0,15,15,0,0
255,255,254,256,256,257,0,0,0,0,0,0,0,0,0,1,1,0,15,15,0,0
256,256,255,257,257,258,0,0,0,0,0,0,0,0,0,1,1,0,15,15,0,0
257,257,256,258,258,259,0,0,0,0,0,0,0,0,0,1,1,0,15,15,0,0
258,258,257,259,259,260,0,0,0,0,0,0,0,0,0,1,1,0,15,15,0,0
259,259,258,260,260,261,0,0,0,0,0,0,0,0,0,1,1,0,15,15,0,0
260,260,259,261,261,262,0,0,0,0,0,0,0,0,0,1,1,0,15,15,0,0
261,261,260,262,262,263,0,0,0,0,0,0,0,0,0,1,1,0,15,15,0,0
262,262,261,263,263,264,0,0,0,0,0,0,0,0,0,1,1,0,15,15,0,0
263,263,262,264,264,265,0,0,0,0,0,0,0,0,0,1,1,0,15,15,0,0
264,264,263,265,265,266,0,0,0,0,0,0,0,0,0,1,1,0,15,15,0,0
265,265,264,266,266,267,0,0,0,0,0,0,0,0,0,1,1,0,15,15,0,0
266,266,265,267,267,268,0,0,0,0,0,0,0,0,0,1,1,0,15,15,0,0
267,267,266,268,268,269,0,0,0,0,0,0,0,0,0,1,1,0,15,15,0,0
268,268,267,269,269,270,0,0,0,0,0,0,0,0,0,1,1,0,15,15,0,0
269,269,268,270,270,271,0,0,0,0,0,0,0,0,0,1,1,0,5,5,0,0
270,270,269,271,271,272,0,0,0,0,0,0,0,0,0,1,1,0,5,5,0,0
271,271,270,272,272,273,0,0,0,0,0,0,0,0,0,1,1,0,5,5,0,0
272,272,271,273,273,274,0,0,0,0,0,0,0,0,0,1,1,0,5,5,0,0
273,273,272,274,274,275,0,0,0,0,0,0,0,0,0,1,1,0,5,5,0,0
274,274,273,275,275,276,0,0,0,0,0,0,0,0,0,1,1,0,5,5,0,0
275,275,274,276,276,277,0,0,0,0,0,0,0,0,0,1,1,0,5,5,0,0
276,276,275,277,277,278,0,0,0,0,0,0,0,0,0,1,1,0,5,5,0,0
277,277,276,278,278,279,0,0,0,0,0,0,0,0,0,1,1,0,5,5,0,0
278,278,277,279,279,280,0,0,0,0,0,0,0,0,0,1,1,0,5,5,0,0
279,279,278,280,280,281,0,0,0,0,0,0,0,0,0,1,1,0,5,5,0,0
280,280,279,281,281,282,0,0,0,0,0,0,0,0,0,1,1,0,5,5,0,0
281,281,280,282,282,283,0,0,0,0,0,0,0,0,0,1,1,0,5,5,0,0
282,282,281,283,283,284,0,0,0,0,0,0,0,0,0,1,1,0,15,15,0,0
283,283,282,284,284,285,0,0,0,0,0,0,0,0,0,1,1,0,15,15,0,0
284,284,283,285,285,286,0,0,0,0,0,0,0,0,0,1,1,0,15,15,0,0
285,285,284,286,286,287,0,0,0,0,0,0,0,0,0,1,1,0,15,15,0,0
286,286,285,287,287,288,0,0,0,0,0,0,0,0,0,1,1,0,15,15,0,0
287,287,286,288,288,289,0,0,0,0,0,0,0,0,0,1,1,0,15,15,0,0
288,288,287,289,289,290,0,0,0,0,0,0,0,0,0,1,1,0,15,15,0,0
289,289,288,290,290,291,0,0,0,0,0,0,0,0,0,1,1,0,15,15,0,0
290,290,289,291,291,292,0,0,0,0,0,0,0,0,0,1,1,0,15,15,0,0
291,291,290,292,292,293,0,0,0,0,0,0,0,0,0,1,1,0,15,15,0,0
292,292,291,293,293,294,0,0,0,0,0,0,0,0,0,1,1,0,15,15,0,0
293,293,292,294,294,295,0,0,0,0,0,0,0,0,0,1,1,0,15,15,0,0
294,294,293,295,295,296,0,0,0,0,0,0,0,0,0,1,1,0,15,15,0,0
295,295,294,296,296,297,0,0,0,0,0,0,0,0,0,1,1,0,15,15,0,0
296,296,295,0,297,298,0,0,0,0,0,0,0,0,0,1,1,0,15,15,0,0
297,297,0,298,299,300,0,0,0,0,0,0,0,0,0,1,1,0,15,15,0,0
298,298,297,299,300,301,0,0,0,0,0,0,0,0,0,1,1,0,15,15,0,0
299,299,298,300,301,302,0,0,0,0,0,0,0,0,0,1,1,0,15,15,0,0
300,300,299,301,302,303,0,0,0,0,0,0,0,0,0,1,1,0,15,15,0,0
301,301,300,302,303,304,0,0,0,0,0,0,0,0,0,1,1,0,15,15,0,0
302,302,301,303,304,305,0,0,0,0,0,0,0,0,0,1,1,0,15,15,0,0
303,303,302,304,305,306,0,0,0,0,0,0,0,0,0,1,1,0,15,15,0,0
304,304,303,305,306,307,0,0,0,0,0,0,0,0,0,1,1,0,15,15,0,0
305,305,304,306,307,308,0,0,0,0,0,0,0,0,0,1,1,0,15,15,0,0
306,306,305,307,308,309,0,0,0,0,0,0,0,0,0,1,1,0,15,15,0,0
307,307,306,308,309,310,0,0,0,0,0,0,0,0,0,1,1,0,15,15,0,0
308,308,307,309,310,311,0,0,0,0,0,0,0,0,0,1,1,0,15,15,0,0
309,309,308,310,311,312,0,0,0,0,0,0,0,0,0,1,1,0,15,15,0,0
310,310,309,311,312,313,0,0,0,0,0,0,0,0,0,1,1,0,15,15,0,0
311,311,310,312,313,314,0,0,0,0,0,0,0,0,0,1,1,0,15,15,0,0
312,312,311,313,314,315,0,0,0,0,0,0,0,0,0,1,1,0,15,15,0,0
313,313,312,314,315,316,0,0,0,0,0,0,0,0,0,1,1,0,5,5,0,0
314,314,313,315,316,317,0,0,0,0,0,0,0,0,0,1,1,0,5,5,0,0
315,315,314,316,317,318,0,0,0,0,0,0,0,0,0,1,1,0,5,5,0,0
316,316,315,317,318,319,0,0,0,0,0,0,0,0,0,1,1,0,5,5,0,0
317,317,316,318,319,320,0,0,0,0,0,0,0,0,0,1,1,0,5,5,0,0
318,318,317,319,320,321,0,0,0,0,0,0,0,0,0,1,1,0,5,5,0,0
319,319,318,320,321,322,0,0,0,0,0,0,0,0,0,1,1,0,5,5,0,0
320,320,319,321,322,323,0,0,0,0,0,0,0,0,0,1,1,0,5,5,0,0
321,321,320,322,323,324,0,0,0,0,0,0,0,0,0,1,1,0,5,5,0,0
322,322,321,0,324,325,0,0,0,0,0,0,0,0,0,1,1,0,5,5,0,0
323,323,0,324,326,327,0,0,0,0,0,0,0,0,0,1,1,0,15,15,0,0
324,324,323,325,327,328,0,0,0,0,0,0,0,0,0,1,1,0,15,15,0,0
325,325,324,326,328,329,0,0,0,0,0,0,0,0,0,1,1,0,15,15,0,0
326,326,325,327,329,330,0,0,0,0,0,0,0,0,0,1,1,0,15,15,0,0
327,327,326,328,330,331,0,0,0,0,0,0,0,0,0,1,1,0,15,15,0,0
328,328,327,329,331,332,0,0,0,0,0,0,0,0,0,1,1,0,15,15,0,0
329,329,328,330,332,333,0,0,0,0,0,0,0,0,0,1,1,0,15,15,0,0
330,330,329,331,333,334,0,0,0,0,0,0,0,0,0,1,1,0,15,15,0,0
331,331,330,332,334,335,0,0,0,0,0,0,0,0,0,1,1,0,15,15,0,0
332,332,331,333,335,336,0,0,0,0,0,0,0,0,0,1,1,0,15,15,0,0
333,333,332,334,336,337,0,0,0,0,0,0,0,0,0,1,1,0,15,15,0,0
334,334,333,335,337,338,0,0,0,0,0,0,0,0,0,1,1,0,15,15,0,0
335,335,334,336,338,339,0,0,0,0,0,0,0,0,0,1,1,0,15,15,0,0
336,336,335,337,339,340,0,0,0,0,0,0,0,0,0,1,1,0,15,15,0,0
337,337,336,338,340,341,0,0,0,0,0,0,0,0,0,1,1,0,15,15,0,0
338,338,337,339,341,342,0,0,0,0,0,0,0,0,0,1,1,0,15,15,0,0
339,339,338,340,342,343,0,0,0,0,0,0,0,0,0,1,1,0,15,15,0,0
340,340,339,341,343,344,0,0,0,0,0,0,0,0,0,1,1,0,15,15,0,0
341,341,340,342,344,345,0,0,0,0,0,0,0,0,0,1,1,0,15,15,0,0
342,342,341,343,345,346,0,0,0,0,0,0,0,0,0,1,1,0,15,15,0,0
343,343,342,344,346,347,0,0,0,0,0,0,0,0,0,1,1,0,15,15,0,0
344,344,343,345,347,348,0,0,0,0,0,0,0,0,0,1,1,0,15,15,0,0
345,345,344,346,348,349,0,0,0,0,0,0,0,0,0,1,1,0,15,15,0,0
346,346,345,347,349,350,0,0,0,0,0,0,0,0,0,1,1,0,15,15,0,0
347,347,346,348,350,351,0,0,0,0,0,0,0,0,0,1,1,0,15,15,0,0
348,348,347,349,351,352,0,0,0,0,0,0,0,0,0,1,1,0,15,15,0,0
349,349,348,350,352,353,0,0,0,0,0,0,0,0,0,1,1,0,15,15,0,0
350,350,349,351,353,354,0,0,0,0,0,0,0,0,0,1,1,0,15,15,0,0
351,351,350,352,354,355,0,0,0,0,0,0,0,0,0,1,1,0,15,15,0,0
352,352,351,353,355,356,0,0,0,0,0,0,0,0,0,1,1,0,15,15,0,0
353,353,352,354,356,357,0,0,0,0,0,0,0,0,0,1,1,0,15,15,0,0
354,354,353,355,357,358,0,0,0,0,0,0,0,0,0,1,1,0,15,15,0,0
355,355,354,356,358,359,0,0,0,0,0,0,0,0,0,1,1,0,15,15,0,0
356,356,355,357,359,360,0,0,0,0,0,0,0,0,0,1,1,0,15,15,0,0
357,357,356,358,360,361,0,0,0,0,0,0,0,0,0,1,1,0,15,15,0,0
358,358,357,359,361,362,0,0,0,0,0,0,0,0,0,1,1,0,15,15,0,0
359,359,358,360,362,363,0,0,0,0,0,0,0,0,0,1,1,0,15,15,0,0
360,360,359,361,363,364,0,0,0,0,0,0,0,0,0,1,1,0,5,5,0,0
361,361,360,362,364,365,0,0,0,0,0,0,0,0,0,1,1,0,5,5,0,0
362,362,361,363,365,366,0,0,0,0,0,0,0,0,0,1,1,0,5,5,0,0
363,363,362,364,366,367,0,0,0,0,0,0,0,0,0,1,1,0,5,5,0,0
364,364,363,365,367,368,0,0,0,0,0,0,0,0,0,1,1,0,5,5,0,0
365,365,364,366,368,369,0,0,0,0,0,0,0,0,0,1,1,0,5,5,0,0
366,366,365,367,369,370,0,0,0,0,0,0,0,0,0,1,1,0,5,5,0,0
367,367,366,368,370,371,0,0,0,0,0,0,0,0,0,1,1,0,5,5,0,0
368,368,367,369,371,372,0,0,0,0,0,0,0,0,0,1,1,0,5,5,0,0
369,369,368,370,372,373,0,0,0,0,0,0,0,0,0,1,1,0,5,5,0,0
370,370,369,371,373,374,0,0,0,0,0,0,0,0,0,1,1,0,10,10,0,0
371,371,370,372,374,375,0,0,0,0,0,0,0,0,0,1,1,0,10,10,0,0
372,372,371,373,375,376,0,0,0,0,0,0,0,0,0,1,1,0,10,10,0,0
373,373,372,374,376,377,0,0,0,0,0,0,0,0,0,1,1,0,10,10,0,0
374,374,373,375,377,378,0,0,0,0,0,0,0,0,0,1,1,0,10,10,0,0
375,375,374,376,378,379,0,0,0,0,0,0,0,0,0,1,1,0,10,10,0,0
376,376,375,377,379,380,0,0,0,0,0,0,0,0,0,1,1,0,10,10,0,0
377,377,376,378,380,381,0,0,0,0,0,0,0,0,0,1,1,0,10,10,0,0
378,378,377,379,381,382,0,0,0,0,0,0,0,0,0,1,1,0,10,10,0,0
379,379,378,380,382,383,0,0,0,0,0,0,0,0,0,1,1,0,10,10,0,0
380,380,379,381,383,384,0,0,0,0,0,0,0,0,0,1,1,0,10,10,0,0
381,381,380,382,384,385,0,0,0,0,0,0,0,0,0,1,1,0,10,10,0,0
382,382,381,383,385,386,0,0,0,0,0,0,0,0,0,1,1,0,10,10,0,0
383,383,382,384,386,387,0,0,0,0,0,0,0,0,0,1,1,0,10,10,0,0
384,384,383,385,387,388,0,0,0,0,0,0,0,0,0,1,1,0,10,10,0,0
385,385,384,386,388,389,0,0,0,0,0,0,0,0,0,1,1,0,10,10,0,0
386,386,385,387,389,390,0,0,0,0,0,0,0,0,0,1,1,0,10,10,0,0
387,387,386,388,390,391,0,0,0,0,0,0,0,0,0,1,1,0,10,10,0,0
388,388,387,389,391,392,0,0,0,0,0,0,0,0,0,1,1,0,10,10,0,0
389,389,388,390,392,393,0,0,0,0,0,0,0,0,0,1,1,0,5,5,0,0
390,390,389,391,393,394,0,0,0,0,0,0,0,0,0,1,1,0,5,5,0,0
391,391,390,392,394,395,0,0,0,0,0,0,0,0,0,1,1,0,5,5,0,0
392,392,391,393,395,396,0,0,0,0,0,0,0,0,0,1,1,0,5,5,0,0
393,393,392,394,396,397,0,0,0,0,0,0,0,0,0,1,1,0,5,5,0,0
394,394,393,395,397,398,0,0,0,0,0,0,0,0,0,1,1,0,5,5,0,0
395,395,394,396,398,399,0,0,0,0,0,0,0,0,0,1,1,0,5,5,0,0
396,396,395,397,399,400,0,0,0,0,0,0,0,0,0,1,1,0,5,5,0,0
397,397,396,398,400,401,0,0,0,0,0,0,0,0,0,1,1,0,5,5,0,0
398,398,397,399,401,402,0,0,0,0,0,0,0,0,0,1,1,0,5,5,0,0
399,399,398,400,402,403,0,0,0,0,0,0,0,0,0,1,1,0,5,5,0,0
400,400,399,401,403,404,0,0,0,0,0,0,0,0,0,1,1,0,5,5,0,0
401,401,400,402,404,405,0,0,0,0,0,0,0,0,0,1,1,0,5,5,0,0
402,402,401,403,405,406,0,0,0,0,0,0,0,0,0,1,1,0,5,5,0,0
403,403,402,404,406,407,0,0,0,0,0,0,0,0,0,1,1,0,5,5,0,0
404,404,403,405,407,408,0,0,0,0,0,0,0,0,0,1,1,0,5,5,0,0
405,405,404,406,408,409,0,0,0,0,0,0,0,0,0,1,1,0,5,5,0,0
406,406,405,407,409,410,0,0,0,0,0,0,0,0,0,1,1,0,5,5,0,0
407,407,406,408,410,411,0,0,0,0,0,0,0,0,0,1,1,0,5,5,0,0
408,408,407,409,411,412,0,0,0,0,0,0,0,0,0,1,1,0,5,5,0,0
409,409,408,410,412,413,0,0,0,0,0,0,0,0,0,1,1,0,5,5,0,0
410,410,409,411,413,414,0,0,0,0,0,0,0,0,0,1,1,0,5,5,0,0
411,411,410,412,414,415,0,0,0,0,0,0,0,0,0,1,1,0,5,5,0,0
412,412,411,413,415,416,0,0,0,0,0,0,0,0,0,1,1,0,5,5,0,0
413,413,412,414,416,417,0,0,0,0,0,0,0,0,0,1,1,0,5,5,0,0
414,414,413,415,417,418,0,0,0,0,0,0,0,0,0,1,1,0,5,5,0,0
415,415,414,416,418,419,0,0,0,0,0,0,0,0,0,1,1,0,5,5,0,0
416,416,415,417,419,420,0,0,0,0,0,0,0,0,0,1,1,0,5,5,0,0
417,417,416,418,420,421,0,0,0,0,0,0,0,0,0,1,1,0,5,5,0,0
418,418,417,419,421,422,0,0,0,0,0,0,0,0,0,1,1,0,5,5,0,0
419,419,418,420,422,423,0,0,0,0,0,0,0,0,0,1,1,0,5,5,0,0
420,420,419,421,423,424,0,0,0,0,0,0,0,0,0,1,1,0,5,5,0,0
421,421,420,422,424,425,0,0,0,0,0,0,0,0,0,1,1,0,5,5,0,0
422,422,421,423,425,426,0,0,0,0,0,0,0,0,0,1,1,0,5,5,0,0
423,423,422,424,426,427,0,0,0,0,0,0,0,0,0,1,1,0,5,5,0,0
424,424,423,425,427,428,0,0,0,0,0,0,0,0,0,1,1,0,5,5,0,0
425,425,424,426,428,429,0,0,0,0,0,0,0,0,0,1,1,0,5,5,0,0
426,426,425,0,429,430,0,0,0,0,0,0,0,0,0,1,1,0,5,5,0,0
427,427,0,428,431,432,0,0,0,0,0,0,0,0,0,1,1,0,5,5,0,0
428,428,427,429,432,433,0,0,0,0,0,0,0,0,0,1,1,0,5,5,0,0
429,429,428,430,433,434,0,0,0,0,0,0,0,0,0,1,1,0,5,5,0,0
430,430,429,431,434,435,0,0,0,0,0,0,0,0,0,1,1,0,5,5,0,0
431,431,430,432,435,436,0,0,0,0,0,0,0,0,0,1,1,0,5,5,0,0
432,432,431,433,436,437,0,0,0,0,0,0,0,0,0,1,1,0,5,5,0,0
433,433,432,434,437,438,0,0,0,0,0,0,0,0,0,1,1,0,5,5,0,0
434,434,433,435,438,439,0,0,0,0,0,0,0,0,0,1,1,0,5,5,0,0
435,435,434,436,439,440,0,0,0,0,0,0,0,0,0,1,1,0,5,5,0,0
436,436,435,437,440,441,0,0,0,0,0,0,0,0,0,1,1,0,5,5,0,0
437,437,436,438,441,442,0,0,0,0,0,0,0,0,0,1,1,0,5,5,0,0
438,438,437,439,442,443,0,0,0,0,0,0,0,0,0,1,1,0,15,15,0,0
439,439,438,440,443,444,0,0,0,0,0,0,0,0,0,1,1,0,15,15,0,0
440,440,439,441,444,445,0,0,0,0,0,0,0,0,0,1,1,0,15,15,0,0
441,441,440,442,445,446,0,0,0,0,0,0,0,0,0,1,1,0,15,15,0,0
442,442,441,443,446,447,0,0,0,0,0,0,0,0,0,1,1,0,15,15,0,0
443,443,442,444,447,448,0,0,0,0,0,0,0,0,0,1,1,0,15,15,0,0
444,444,443,445,448,449,0,0,0,0,0,0,0,0,0,1,1,0,15,15,0,0
445,445,444,446,449,450,0,0,0,0,0,0,0,0,0,1,1,0,15,15,0,0
446,446,445,447,450,451,0,0,0,0,0,0,0,0,0,1,1,0,15,15,0,0
447,447,446,448,451,452,0,0,0,0,0,0,0,0,0,1,1,0,15,15,0,0
448,448,447,449,452,453,0,0,0,0,0,0,0,0,0,1,1,0,15,15,0,0
449,449,448,450,453,454,0,0,0,0,0,0,0,0,0,1,1,0,15,15,0,0
450,450,449,451,454,455,0,0,0,0,0,0,0,0,0,1,1,0,15,15,0,0
451,451,450,452,455,456,0,0,0,0,0,0,0,0,0,1,1,0,15,15,0,0
452,452,451,453,456,457,0,0,0,0,0,0,0,0,0,1,1,0,15,15,0,0
453,453,452,454,457,458,0,0,0,0,0,0,0,0,0,1,1,0,15,15,0,0
454,454,453,455,458,459,0,0,0,0,0,0,0,0,0,1,1,0,15,15,0,0
455,455,454,456,459,460,0,0,0,0,0,0,0,0,0,1,1,0,15,15,0,0
456,456,455,457,460,461,0,0,0,0,0,0,0,0,0,1,1,0,15,15,0,0
457,457,456,458,461,462,0,0,0,0,0,0,0,0,0,1,1,0,15,15,0,0
458,458,457,459,462,463,0,0,0,0,0,0,0,0,0,1,1,0,15,15,0,0
459,459,458,460,463,464,0,0,0,0,0,0,0,0,0,1,1,0,15,15,0,0
460,460,459,461,464,465,0,0,0,0,0,0,0,0,0,1,1,0,15,15,0,0
461,461,460,462,465,466,0,0,0,0,0,0,0,0,0,1,1,0,15,15,0,0
462,462,461,463,466,467,0,0,0,0,0,0,0,0,0,1,1,0,15,15,0,0
463,463,462,464,467,468,0,0,0,0,0,0,0,0,0,1,1,0,15,15,0,0
464,464,463,465,468,469,0,0,0,0,0,0,0,0,0,1,1,0,15,15,0,0
465,465,464,466,469,470,0,0,0,0,0,0,0,0,0,1,1,0,15,15,0,0
466,466,465,467,470,471,0,0,0,0,0,0,0,0,0,1,1,0,15,15,0,0
467,467,466,468,471,472,0,0,0,0,0,0,0,0,0,1,1,0,15,15,0,0
468,468,467,469,472,473,0,0,0,0,0,0,0,0,0,1,1,0,15,15,0,0
469,469,468,470,473,474,0,0,0,0,0,0,0,0,0,1,1,0,15,15,0,0
470,470,469,471,474,475,0,0,0,0,0,0,0,0,0,1,1,0,15,15,0,0
471,471,470,472,475,476,0,0,0,0,0,0,0,0,0,1,1,0,15,15,0,0
472,472,471,473,476,477,0,0,0,0,0,0,0,0,0,1,1,0,15,15,0,0
473,473,472,474,477,478,0,0,0,0,0,0,0,0,0,1,1,0,15,15,0,0
474,474,473,475,478,479,0,0,0,0,0,0,0,0,0,1,1,0,15,15,0,0
475,475,474,476,479,480,0,0,0,0,0,0,0,0,0,1,1,0,15,15,0,0
476,476,475,477,480,481,0,0,0,0,0,0,0,0,0,1,1,0,15,15,0,0
477,477,476,478,481,482,0,0,0,0,0,0,0,0,0,1,1,0,15,15,0,0
478,478,477,479,482,483,0,0,0,0,0,0,0,0,0,1,1,0,15,15,0,0
479,479,478,0,483,484,0,0,0,0,0,0,0,0,0,1,1,0,15,15,0,0
480,480,0,481,485,486,0,0,0,0,0,0,0,0,0,1,1,0,5,5,0,0
481,481,480,482,486,487,0,0,0,0,0,0,0,0,0,1,1,0,5,5,0,0
482,482,481,483,487,488,0,0,0,0,0,0,0,0,0,1,1,0,5,5,0,0
483,483,482,484,488,489,0,0,0,0,0,0,0,0,0,1,1,0,5,5,0,0
484,484,483,485,489,490,0,0,0,0,0,0,0,0,0,1,1,0,5,5,0,0
485,485,484,486,490,491,0,0,0,0,0,0,0,0,0,1,1,0,5,5,0,0
486,486,485,487,491,492,0,0,0,0,0,0,0,0,0,1,1,0,5,5,0,0
487,487,486,488,492,493,0,0,0,0,0,0,0,0,0,1,1,0,15,15,0,0
488,488,487,489,493,494,0,0,0,0,0,0,0,0,0,1,1,0,15,15,0,0
489,489,488,490,494,495,0,0,0,0,0,0,0,0,0,1,1,0,15,15,0,0
490,490,489,491,495,496,0,0,0,0,0,0,0,0,0,1,1,0,15,15,0,0
491,491,490,492,496,497,0,0,0,0,0,0,0,0,0,1,1,0,15,15,0,0
492,492,491,493,497,498,0,0,0,0,0,0,0,0,0,1,1,0,15,15,0,0
493,493,492,494,498,499,0,0,0,0,0,0,0,0,0,1,1,0,15,15,0,0
494,494,493,495,499,500,0,0,0,0,0,0,0,0,0,1,1,0,15,15,0,0
495,495,494,496,500,501,0,0,0,0,0,0,0,0,0,1,1,0,15,15,0,0
496,496,495,497,501,502,0,0,0,0,0,0,0,0,0,1,1,0,15,15,0,0
497,497,496,498,502,503,0,0,0,0,0,0,0,0,0,1,1,0,15,15,0,0
498,498,497,499,503,504,0,0,0,0,0,0,0,0,0,1,1,0,15,15,0,0
499,499,498,500,504,505,0,0,0,0,0,0,0,0,0,1,1,0,15,15,0,0
500,500,499,501,505,506,0,0,0,0,0,0,0,0,0,1,1,0,15,15,0,0
501,501,500,502,506,507,0,0,0,0,0,0,0,0,0,1,1,0,15,15,0,0
502,502,501,503,507,508,0,0,0,0,0,0,0,0,0,1,1,0,15,15,0,0
503,503,502,504,508,509,0,0,0,0,0,0,0,0,0,1,1,0,15,15,0,0
504,504,503,505,509,510,0,0,0,0,0,0,0,0,0,1,1,0,15,15,0,0
505,505,504,506,510,511,0,0,0,0,0,0,0,0,0,1,1,0,15,15,0,0
506,506,505,507,511,512,0,0,0,0,0,0,0,0,0,1,1,0,15,15,0,0
507,507,506,508,512,513,0,0,0,0,0,0,0,0,0,1,1,0,15,15,0,0
508,508,507,509,513,514,0,0,0,0,0,0,0,0,0,1,1,0,15,15,0,0
509,509,508,510,514,515,0,0,0,0,0,0,0,0,0,1,1,0,15,15,0,0
510,510,509,511,515,516,0,0,0,0,0,0,0,0,0,1,1,0,15,15,0,0
511,511,510,512,516,517,0,0,0,0,0,0,0,0,0,1,1,0,15,15,0,0
512,512,511,513,517,518,0,0,0,0,0,0,0,0,0,1,1,0,15,15,0,0
513,513,512,514,518,519,0,0,0,0,0,0,0,0,0,1,1,0,15,15,0,0
514,514,513,515,519,520,0,0,0,0,0,0,0,0,0,1,1,0,15,15,0,0
515,515,514,516,520,521,0,0,0,0,0,0,0,0,0,1,1,0,15,15,0,0
516,516,515,517,521,522,0,0,0,0,0,0,0,0,0,1,1,0,15,15,0,0
517,517,516,518,522,523,0,0,0,0,0,0,0,0,0,1,1,0,15,15,0,0
518,518,517,519,523,524,0,0,0,0,0,0,0,0,0,1,1,0,15,15,0,0
519,519,518,520,524,525,0,0,0,0,0,0,0,0,0,1,1,0,15,15,0,0
520,520,519,521,525,526,0,0,0,0,0,0,0,0,0,1,1,0,15,15,0,0
521,521,520,522,526,527,0,0,0,0,0,0,0,0,0,1,1,0,15,15,0,0
522,522,521,523,527,528,0,0,0,0,0,0,0,0,0,1,1,0,15,15,0,0
523,523,522,524,528,529,0,0,0,0,0,0,0,0,0,1,1,0,15,15,0,0
524,524,523,525,529,530,0,0,0,0,0,0,0,0,0,1,1,0,15,15,0,0
525,525,524,526,530,531,0,0,0,0,0,0,0,0,0,1,1,0,15,15,0,0
526,526,525,527,531,532,0,0,0,0,0,0,0,0,0,1,1,0,15,15,0,0
527,527,526,528,532,533,0,0,0,0,0,0,0,0,0,1,1,0,15,15,0,0
528,528,527,529,533,534,0,0,0,0,0,0,0,0,0,1,1,0,15,15,0,0
529,529,528,530,534,535,0,0,0,0,0,0,0,0,0,1,1,0,15,15,0,0
530,530,529,531,535,536,0,0,0,0,0,0,0,0,0,1,1,0,15,15,0,0
531,531,530,532,536,537,0,0,0,0,0,0,0,0,0,1,1,0,15,15,0,0
532,532,531,533,537,538,0,0,0,0,0,0,0,0,0,1,1,0,5,5,0,0
533,533,532,534,538,539,0,0,0,0,0,0,0,0,0,1,1,0,5,5,0,0
534,534,533,535,539,540,0,0,0,0,0,0,0,0,0,1,1,0,5,5,0,0
535,535,534,536,540,541,0,0,0,0,0,0,0,0,0,1,1,0,5,5,0,0
536,536,535,537,541,542,0,0,0,0,0,0,0,0,0,1,1,0,5,5,0,0
537,537,536,538,542,543,0,0,0,0,0,0,0,0,0,1,1,0,5,5,0,0
538,538,537,539,543,544,0,0,0,0,0,0,0,0,0,1,1,0,5,5,0,0
539,539,538,540,544,545,0,0,0,0,0,0,0,0,0,1,1,0,5,5,0,0
540,540,539,541,545,546,0,0,0,0,0,0,0,0,0,1,1,0,5,5,0,0
541,541,540,542,546,547,0,0,0,0,0,0,0,0,0,1,1,0,5,5,0,0
542,542,541,543,547,548,0,0,0,0,0,0,0,0,0,1,1,0,5,5,0,0
543,543,542,544,548,549,0,0,0,0,0,0,0,0,0,1,1,0,5,5,0,0
544,544,543,545,549,550,0,0,0,0,0,0,0,0,0,1,1,0,5,5,0,0
545,545,544,546,550,551,0,0,0,0,0,0,0,0,0,1,1,0,5,5,0,0
546,546,545,547,551,552,0,0,0,0,0,0,0,0,0,1,1,0,5,5,0,0
547,547,546,548,552,553,0,0,0,0,0,0,0,0,0,1,1,0,5,5,0,0
548,548,547,549,553,554,0,0,0,0,0,0,0,0,0,1,1,0,5,5,0,0
549,549,548,550,554,555,0,0,0,0,0,0,0,0,0,1,1,0,5,5,0,0
550,550,549,551,555,556,0,0,0,0,0,0,0,0,0,1,1,0,5,5,0,0
551,551,550,552,556,557,0,0,0,0,0,0,0,0,0,1,1,0,5,5,0,0
552,552,551,553,557,558,0,0,0,0,0,0,0,0,0,1,1,0,5,5,0,0
553,553,552,554,558,559,0,0,0,0,0,0,0,0,0,1,1,0,5,5,0,0
554,554,553,555,559,560,0,0,0,0,0,0,0,0,0,1,1,0,5,5,0,0
555,555,554,556,560,561,0,0,0,0,0,0,0,0,0,1,1,0,5,5,0,0
556,556,555,557,561,562,0,0,0,0,0,0,0,0,0,1,1,0,5,5,0,0
557,557,556,558,562,563,0,0,0,0,0,0,0,0,0,1,1,0,5,5,0,0
558,558,557,559,563,564,0,0,0,0,0,0,0,0,0,1,1,0,5,5,0,0
559,559,558,560,564,565,0,0,0,0,0,0,0,0,0,1,1,0,5,5,0,0
560,560,559,561,565,566,0,0,0,0,0,0,0,0,0,1,1,0,5,5,0,0
561,561,560,562,566,567,0,0,0,0,0,0,0,0,0,1,1,0,5,5,0,0
562,562,561,563,567,568,0,0,0,0,0,0,0,0,0,1,1,0,5,5,0,0
563,563,562,564,568,569,0,0,0,0,0,0,0,0,0,1,1,0,15,15,0,0
564,564,563,565,569,570,0,0,0,0,0,0,0,0,0,1,1,0,15,15,0,0
565,565,564,566,570,571,0,0,0,0,0,0,0,0,0,1,1,0,15,15,0,0
566,566,565,567,571,572,0,0,0,0,0,0,0,0,0,1,1,0,15,15,0,0
567,567,566,568,572,573,0,0,0,0,0,0,0,0,0,1,1,0,15,15,0,0
568,568,567,569,573,574,0,0,0,0,0,0,0,0,0,1,1,0,15,15,0,0
569,569,568,570,574,575,0,0,0,0,0,0,0,0,0,1,1,0,15,15,0,0
570,570,569,571,575,576,0,0,0,0,0,0,0,0,0,1,1,0,15,15,0,0
571,571,570,572,576,577,0,0,0,0,0,0,0,0,0,1,1,0,15,15,0,0
572,572,571,573,577,578,0,0,0,0,0,0,0,0,0,1,1,0,15,15,0,0
573,573,572,574,578,579,0,0,0,0,0,0,0,0,0,1,1,0,15,15,0,0
574,574,573,575,579,580,0,0,0,0,0,0,0,0,0,1,1,0,15,15,0,0
575,575,574,576,580,581,0,0,0,0,0,0,0,0,0,1,1,0,15,15,0,0
576,576,575,577,581,582,0,0,0,0,0,0,0,0,0,1,1,0,15,15,0,0
577,577,576,578,582,583,0,0,0,0,0,0,0,0,0,1,1,0,15,15,0,0
578,578,577,579,583,584,0,0,0,0,0,0,0,0,0,1,1,0,15,15,0,0
579,579,578,580,584,585,0,0,0,0,0,0,0,0,0,1,1,0,15,15,0,0
580,580,579,581,585,586,0,0,0,0,0,0,0,0,0,1,1,0,15,15,0,0
581,581,580,582,586,587,0,0,0,0,0,0,0,0,0,1,1,0,15,15,0,0
582,582,581,583,587,588,0,0,0,0,0,0,0,0,0,1,1,0,15,15,0,0
583,583,582,584,588,589,0,0,0,0,0,0,0,0,0,1,1,0,15,15,0,0
584,584,583,585,589,590,0,0,0,0,0,0,0,0,0,1,1,0,15,15,0,0
585,585,584,586,590,591,0,0,0,0,0,0,0,0,0,1,1,0,15,15,0,0
586,586,585,587,591,592,0,0,0,0,0,0,0,0,0,1,1,0,15,15,0,0
587,587,586,588,592,593,0,0,0,0,0,0,0,0,0,1,1,0,15,15,0,0
588,588,587,589,593,594,0,0,0,0,0,0,0,0,0,1,1,0,15,15,0,0
589,589,588,590,594,595,0,0,0,0,0,0,0,0,0,1,1,0,15,15,0,0
590,590,589,591,595,596,0,0,0,0,0,0,0,0,0,1,1,0,15,15,0,0
591,591,590,592,596,597,0,0,0,0,0,0,0,0,0,1,1,0,15,15,0,0
592,592,591,593,597,598,0,0,0,0,0,0,0,0,0,1,1,0,15,15,0,0
593,593,592,594,598,599,0,0,0,0,0,0,0,0,0,1,1,0,15,15,0,0
594,594,593,595,599,600,0,0,0,0,0,0,0,0,0,1,1,0,15,15,0,0
595,595,594,596,600,601,0,0,0,0,0,0,0,0,0,1,1,0,15,15,0,0
596,596,595,597,601,602,0,0,0,0,0,0,0,0,0,1,1,0,15,15,0,0
597,597,596,598,602,603,0,0,0,0,0,0,0,0,0,1,1,0,15,15,0,0
598,598,597,599,603,604,0,0,0,0,0,0,0,0,0,1,1,0,15,15,0,0
599,599,598,600,604,605,0,0,0,0,0,0,0,0,0,1,1,0,15,15,0,0
600,600,599,601,605,606,0,0,0,0,0,0,0,0,0,1,1,0,15,15,0,0
601,601,600,602,606,607,0,0,0,0,0,0,0,0,0,1,1,0,15,15,0,0
602,602,601,603,607,608,0,0,0,0,0,0,0,0,0,1,1,0,15,15,0,0
603,603,602,604,608,609,0,0,0,0,0,0,0,0,0,1,1,0,15,15,0,0
604,604,603,605,609,610,0,0,0,0,0,0,0,0,0,1,1,0,15,15,0,0
605,605,604,606,610,611,0,0,0,0,0,0,0,0,0,1,1,0,15,15,0,0
606,606,605,607,611,612,0,0,0,0,0,0,0,0,0,1,1,0,15,15,0,0
607,607,606,608,612,613,0,0,0,0,0,0,0,0,0,1,1,0,15,15,0,0
608,608,607,609,613,614,0,0,0,0,0,0,0,0,0,1,1,0,15,15,0,0
609,609,608,610,614,615,0,0,0,0,0,0,0,0,0,1,1,0,15,15,0,0
610,610,609,611,615,616,0,0,0,0,0,0,0,0,0,1,1,0,5,5,0,0
611,611,610,612,616,617,0,0,0,0,0,0,0,0,0,1,1,0,5,5,0,0
612,612,611,613,617,618,0,0,0,0,0,0,0,0,0,1,1,0,5,5,0,0
613,613,612,614,618,619,0,0,0,0,0,0,0,0,0,1,1,0,5,5,0,0
614,614,613,615,619,620,0,0,0,0,0,0,0,0,0,1,1,0,5,5,0,0
615,615,614,616,620,621,0,0,0,0,0,0,0,0,0,1,1,0,5,5,0,0
616,616,615,617,621,622,0,0,0,0,0,0,0,0,0,1,1,0,5,5,0,0
617,617,616,618,622,623,0,0,0,0,0,0,0,0,0,1,1,0,5,5,0,0
618,618,617,619,623,624,0,0,0,0,0,0,0,0,0,1,1,0,5,5,0,0
619,619,618,620,624,625,0,0,0,0,0,0,0,0,0,1,1,0,5,5,0,0
620,620,619,0,625,626,0,0,0,0,0,0,0,0,0,1,1,0,5,5,0,0
621,621,0,622,627,628,0,0,0,0,0,0,0,0,0,1,1,0,5,5,0,0
622,622,621,623,628,629,0,0,0,0,0,0,0,0,0,1,1,0,5,5,0,0
623,623,622,624,629,630,0,0,0,0,0,0,0,0,0,1,1,0,5,5,0,0
624,624,623,625,630,631,0,0,0,0,0,0,0,0,0,1,1,0,5,5,0,0
625,625,624,626,631,632,0,0,0,0,0,0,0,0,0,1,1,0,5,5,0,0
626,626,625,627,632,633,0,0,0,0,0,0,0,0,0,1,1,0,5,5,0,0
627,627,626,628,633,634,0,0,0,0,0,0,0,0,0,1,1,0,5,5,0,0
628,628,627,629,634,635,0,0,0,0,0,0,0,0,0,1,1,0,5,5,0,0
629,629,628,630,635,636,0,0,0,0,0,0,0,0,0,1,1,0,5,5,0,0
630,630,629,631,636,637,0,0,0,0,0,0,0,0,0,1,1,0,5,5,0,0
631,631,630,632,637,638,0,0,0,0,0,0,0,0,0,1,1,0,5,5,0,0
632,632,631,633,638,639,0,0,0,0,0,0,0,0,0,1,1,0,5,5,0,0
633,633,632,634,639,640,0,0,0,0,0,0,0,0,0,1,1,0,5,5,0,0
634,634,633,635,640,641,0,0,0,0,0,0,0,0,0,1,1,0,5,5,0,0
635,635,634,636,641,642,0,0,0,0,0,0,0,0,0,1,1,0,5,5,0,0
636,636,635,637,642,643,0,0,0,0,0,0,0,0,0,1,1,0,5,5,0,0
637,637,636,638,643,644,0,0,0,0,0,0,0,0,0,1,1,0,5,5,0,0
638,638,637,639,644,645,0,0,0,0,0,0,0,0,0,1,1,0,5,5,0,0
639,639,638,640,645,646,0,0,0,0,0,0,0,0,0,1,1,0,5,5,0,0
640,640,639,641,646,647,0,0,0,0,0,0,0,0,0,1,1,0,5,5,0,0
641,641,640,642,647,648,0,0,0,0,0,0,0,0,0,1,1,0,5,5,0,0
642,642,641,643,648,649,0,0,0,0,0,0,0,0,0,1,1,0,5,5,0,0
643,643,642,644,649,650,0,0,0,0,0,0,0,0,0,1,1,0,5,5,0,0
644,644,643,645,650,651,0,0,0,0,0,0,0,0,0,1,1,0,5,5,0,0
645,645,644,646,651,652,0,0,0,0,0,0,0,0,0,1,1,0,5,5,0,0
646,646,645,647,652,653,0,0,0,0,0,0,0,0,0,1,1,0,5,5,0,0
647,647,646,648,653,654,0,0,0,0,0,0,0,0,0,1,1,0,5,5,0,0
648,648,647,649,654,655,0,0,0,0,0,0,0,0,0,1,1,0,5,5,0,0
649,649,648,650,655,656,0,0,0,0,0,0,0,0,0,1,1,0,5,5,0,0
650,650,649,651,656,657,0,0,0,0,0,0,0,0,0,1,1,0,5,5,0,0
651,651,650,652,657,658,0,0,0,0,0,0,0,0,0,1,1,0,5,5,0,0
652,652,651,653,658,659,0,0,0,0,0,0,0,0,0,1,1,0,5,5,0,0
653,653,652,654,659,660,0,0,0,0,0,0,0,0,0,1,1,0,5,5,0,0
654,654,653,655,660,661,0,0,0,0,0,0,0,0,0,1,1,0,5,5,0,0
655,655,654,656,661,662,0,0,0,0,0,0,0,0,0,1,1,0,5,5,0,0
656,656,655,657,662,663,0,0,0,0,0,0,0,0,0,1,1,0,5,5,0,0
657,657,656,658,663,664,0,0,0,0,0,0,0,0,0,1,1,0,5,5,0,0
658,658,657,659,664,665,0,0,0,0,0,0,0,0,0,1,1,0,5,5,0,0
659,659,658,660,665,666,0,0,0,0,0,0,0,0,0,1,1,0,5,5,0,0
660,660,659,661,666,667,0,0,0,0,0,0,0,0,0,1,1,0,5,5,0,0
661,661,660,662,667,668,0,0,0,0,0,0,0,0,0,1,1,0,5,5,0,0
662,662,661,663,668,669,0,0,0,0,0,0,0,0,0,1,1,0,5,5,0,0
663,663,662,664,669,670,0,0,0,0,0,0,0,0,0,1,1,0,5,5,0,0
664,664,663,665,670,671,0,0,0,0,0,0,0,0,0,1,1,0,5,5,0,0
665,665,664,666,671,672,0,0,0,0,0,0,0,0,0,1,1,0,5,5,0,0
666,666,665,667,672,673,0,0,0,0,0,0,0,0,0,1,1,0,5,5,0,0
667,667,666,668,673,674,0,0,0,0,0,0,0,0,0,1,1,0,5,5,0,0
668,668,667,669,674,675,0,0,0,0,0,0,0,0,0,1,1,0,5,5,0,0
669,669,668,670,675,676,0,0,0,0,0,0,0,0,0,1,1,0,5,5,0,0
670,670,669,671,676,677,0,0,0,0,0,0,0,0,0,1,1,0,5,5,0,0
671,671,670,672,677,678,0,0,0,0,0,0,0,0,0,1,1,0,5,5,0,0
672,672,671,673,678,679,0,0,0,0,0,0,0,0,0,1,1,0,5,5,0,0
673,673,672,674,679,680,0,0,0,0,0,0,0,0,0,1,1,0,5,5,0,0
674,674,673,675,680,681,0,0,0,0,0,0,0,0,0,1,1,0,5,5,0,0
675,675,674,676,681,682,0,0,0,0,0,0,0,0,0,1,1,0,5,5,0,0
676,676,675,677,682,683,0,0,0,0,0,0,0,0,0,1,1,0,5,5,0,0
677,677,676,678,683,684,0,0,0,0,0,0,0,0,0,1,1,0,5,5,0,0
678,678,677,679,684,685,0,0,0,0,0,0,0,0,0,1,1,0,5,5,0,0
679,679,678,680,685,686,0,0,0,0,0,0,0,0,0,1,1,0,15,15,0,0
680,680,679,681,686,687,0,0,0,0,0,0,0,0,0,1,1,0,15,15,0,0
681,681,680,682,687,688,0,0,0,0,0,0,0,0,0,1,1,0,15,15,0,0
682,682,681,683,688,689,0,0,0,0,0,0,0,0,0,1,1,0,15,15,0,0
683,683,682,684,689,690,0,0,0,0,0,0,0,0,0,1,1,0,15,15,0,0
684,684,683,685,690,691,0,0,0,0,0,0,0,0,0,1,1,0,15,15,0,0
685,685,684,686,691,692,0,0,0,0,0,0,0,0,0,1,1,0,15,15,0,0
686,686,685,687,692,693,0,0,0,0,0,0,0,0,0,1,1,0,15,15,0,0
687,687,686,688,693,694,0,0,0,0,0,0,0,0,0,1,1,0,15,15,0,0
688,688,687,689,694,695,0,0,0,0,0,0,0,0,0,1,1,0,15,15,0,0
689,689,688,690,695,696,0,0,0,0,0,0,0,0,0,1,1,0,15,15,0,0
690,690,689,691,696,697,0,0,0,0,0,0,0,0,0,1,1,0,15,15,0,0
691,691,690,692,697,698,0,0,0,0,0,0,0,0,0,1,1,0,15,15,0,0
692,692,691,693,698,699,0,0,0,0,0,0,0,0,0,1,1,0,15,15,0,0
693,693,692,694,699,700,0,0,0,0,0,0,0,0,0,1,1,0,15,15,0,0
694,694,693,695,700,701,0,0,0,0,0,0,0,0,0,1,1,0,15,15,0,0
695,695,694,696,701,702,0,0,0,0,0,0,0,0,0,1,1,0,15,15,0,0
696,696,695,697,702,703,0,0,0,0,0,0,0,0,0,1,1,0,15,15,0,0
697,697,696,698,703,704,0,0,0,0,0,0,0,0,0,1,1,0,15,15,0,0
698,698,697,699,704,705,0,0,0,0,0,0,0,0,0,1,1,0,15,15,0,0
699,699,698,700,705,706,0,0,0,0,0,0,0,0,0,1,1,0,15,15,0,0
700,700,699,701,706,707,0,0,0,0,0,0,0,0,0,1,1,0,15,15,0,0
701,701,700,702,707,708,0,0,0,0,0,0,0,0,0,1,1,0,15,15,0,0
702,702,701,703,708,709,0,0,0,0,0,0,0,0,0,1,1,0,15,15,0,0
703,703,702,704,709,710,0,0,0,0,0,0,0,0,0,1,1,0,5,5,0,0
704,704,703,705,710,711,0,0,0,0,0,0,0,0,0,1,1,0,5,5,0,0
705,705,704,706,711,712,0,0,0,0,0,0,0,0,0,1,1,0,5,5,0,0
706,706,705,707,712,713,0,0,0,0,0,0,0,0,0,1,1,0,5,5,0,0
707,707,706,708,713,714,0,0,0,0,0,0,0,0,0,1,1,0,5,5,0,0
708,708,707,709,714,715,0,0,0,0,0,0,0,0,0,1,1,0,5,5,0,0
709,709,708,710,715,716,0,0,0,0,0,0,0,0,0,1,1,0,5,5,0,0
710,710,709,711,716,717,0,0,0,0,0,0,0,0,0,1,1,0,5,5,0,0
711,711,710,712,717,718,0,0,0,0,0,0,0,0,0,1,1,0,5,5,0,0
712,712,711,713,718,719,0,0,0,0,0,0,0,0,0,1,1,0,5,5,0,0
713,713,712,0,719,720,0,0,0,0,0,0,0,0,0,1,1,0,5,5,0,0
714,714,0,715,721,722,0,0,0,0,0,0,0,0,0,1,1,0,5,5,0,0
715,715,714,716,722,723,0,0,0,0,0,0,0,0,0,1,1,0,5,5,0,0
716,716,715,717,723,724,0,0,0,0,0,0,0,0,0,1,1,0,5,5,0,0
717,717,716,718,724,725,0,0,0,0,0,0,0,0,0,1,1,0,5,5,0,0
718,718,717,719,725,726,0,0,0,0,0,0,0,0,0,1,1,0,5,5,0,0
719,719,718,720,726,727,0,0,0,0,0,0,0,0,0,1,1,0,5,5,0,0
720,720,719,721,727,728,0,0,0,0,0,0,0,0,0,1,1,0,5,5,0,0
721,721,720,722,728,729,0,0,0,0,0,0,0,0,0,1,1,0,5,5,0,0
722,722,721,723,729,730,0,0,0,0,0,0,0,0,0,1,1,0,5,5,0,0
723,723,722,724,730,731,0,0,0,0,0,0,0,0,0,1,1,0,5,5,0,0
724,724,723,725,731,732,0,0,0,0,0,0,0,0,0,1,1,0,5,5,0,0
725,725,724,726,732,733,0,0,0,0,0,0,0,0,0,1,1,0,5,5,0,0
726,726,725,727,733,734,0,0,0,0,0,0,0,0,0,1,1,0,5,5,0,0
727,727,726,728,734,735,0,0,0,0,0,0,0,0,0,1,1,0,5,5,0,0
728,728,727,729,735,736,0,0,0,0,0,0,0,0,0,1,1,0,5,5,0,0
729,729,728,730,736,737,0,0,0,0,0,0,0,0,0,1,1,0,5,5,0,0
730,730,729,731,737,738,0,0,0,0,0,0,0,0,0,1,1,0,5,5,0,0
731,731,730,732,738,739,0,0,0,0,0,0,0,0,0,1,1,0,5,5,0,0
732,732,731,733,739,740,0,0,0,0,0,0,0,0,0,1,1,0,5,5,0,0
733,733,732,734,740,741,0,0,0,0,0,0,0,0,0,1,1,0,5,5,0,0
734,734,733,0,741,742,0,0,0,0,0,0,0,0,0,1,1,0,5,5,0,0
735,735,0,736,743,744,0,0,0,0,0,0,0,0,0,1,1,0,5,5,0,0
736,736,735,737,744,745,0,0,0,0,0,0,0,0,0,1,1,0,5,5,0,0
737,737,736,738,745,746,0,0,0,0,0,0,0,0,0,1,1,0,5,5,0,0
738,738,737,739,746,747,0,0,0,0,0,0,0,0,0,1,1,0,5,5,0,0
739,739,738,740,747,748,0,0,0,0,0,0,0,0,0,1,1,0,5,5,0,0
740,740,739,741,748,749,0,0,0,0,0,0,0,0,0,1,1,0,5,5,0,0
741,741,740,742,749,750,0,0,0,0,0,0,0,0,0,1,1,0,5,5,0,0
742,742,741,743,750,751,0,0,0,0,0,0,0,0,0,1,1,0,5,5,0,0
743,743,742,744,751,752,0,0,0,0,0,0,0,0,0,1,1,0,5,5,0,0
744,744,743,745,752,753,0,0,0,0,0,0,0,0,0,1,1,0,5,5,0,0
745,745,744,746,753,754,0,0,0,0,0,0,0,0,0,1,1,0,5,5,0,0
746,746,745,747,754,755,0,0,0,0,0,0,0,0,0,1,1,0,5,5,0,0
747,747,746,748,755,756,0,0,0,0,0,0,0,0,0,1,1,0,5,5,0,0
748,748,747,749,756,757,0,0,0,0,0,0,0,0,0,1,1,0,5,5,0,0
749,749,748,750,757,758,0,0,0,0,0,0,0,0,0,1,1,0,5,5,0,0
750,750,749,751,758,759,0,0,0,0,0,0,0,0,0,1,1,0,5,5,0,0
751,751,750,752,759,760,0,0,0,0,0,0,0,0,0,1,1,0,5,5,0,0
752,752,751,753,760,761,0,0,0,0,0,0,0,0,0,1,1,0,5,5,0,0
753,753,752,754,761,762,0,0,0,0,0,0,0,0,0,1,1,0,5,5,0,0
754,754,753,0,762,763,0,0,0,0,0,0,0,0,0,1,1,0,5,5,0,0
755,755,0,756,764,765,0,0,0,0,0,0,0,0,0,1,1,0,5,5,0,0
756,756,755,757,765,766,0,0,0,0,0,0,0,0,0,1,1,0,5,5,0,0
757,757,756,758,766,767,0,0,0,0,0,0,0,0,0,1,1,0,5,5,0,0
758,758,757,759,767,768,0,0,0,0,0,0,0,0,0,1,1,0,5,5,0,0
759,759,758,760,768,769,0,0,0,0,0,0,0,0,0,1,1,0,5,5,0,0
760,760,759,761,769,770,0,0,0,0,0,0,0,0,0,1,1,0,5,5,0,0
761,761,760,762,770,771,0,0,0,0,0,0,0,0,0,1,1,0,5,5,0,0
762,762,761,763,771,772,0,0,0,0,0,0,0,0,0,1,1,0,5,5,0,0
763,763,762,764,772,773,0,0,0,0,0,0,0,0,0,1,1,0,5,5,0,0
764,764,763,765,773,774,0,0,0,0,0,0,0,0,0,1,1,0,5,5,0,0
765,765,764,766,774,775,0,0,0,0,0,0,0,0,0,1,1,0,5,5,0,0
766,766,765,767,775,776,0,0,0,0,0,0,0,0,0,1,1,0,5,5,0,0
767,767,766,768,776,777,0,0,0,0,0,0,0,0,0,1,1,0,5,5,0,0
768,768,767,0,777,778,0,0,0,0,0,0,0,0,0,1,1,0,5,5,0,0
769,769,0,770,779,780,0,0,0,0,0,0,0,0,0,1,1,0,5,5,0,0
770,770,769,771,780,781,0,0,0,0,0,0,0,0,0,1,1,0,5,5,0,0
771,771,770,772,781,782,0,0,0,0,0,0,0,0,0,1,1,0,5,5,0,0
772,772,771,773,782,783,0,0,0,0,0,0,0,0,0,1,1,0,5,5,0,0
773,773,772,774,783,784,0,0,0,0,0,0,0,0,0,1,1,0,5,5,0,0
774,774,773,775,784,785,0,0,0,0,0,0,0,0,0,1,1,0,5,5,0,0
775,775,774,776,785,786,0,0,0,0,0,0,0,0,0,1,1,0,5,5,0,0
776,776,775,777,786,787,0,0,0,0,0,0,0,0,0,1,1,0,5,5,0,0
777,777,776,778,787,788,0,0,0,0,0,0,0,0,0,1,1,0,5,5,0,0
778,778,777,779,788,789,0,0,0,0,0,0,0,0,0,1,1,0,5,5,0,0
779,779,778,780,789,790,0,0,0,0,0,0,0,0,0,1,1,0,5,5,0,0
780,780,779,781,790,791,0,0,0,0,0,0,0,0,0,1,1,0,5,5,0,0
781,781,780,782,791,792,0,0,0,0,0,0,0,0,0,1,1,0,5,5,0,0
782,782,781,783,792,793,0,0,0,0,0,0,0,0,0,1,1,0,5,5,0,0
783,783,782,784,793,794,0,0,0,0,0,0,0,0,0,1,1,0,5,5,0,0
784,784,783,785,794,795,0,0,0,0,0,0,0,0,0,1,1,0,5,5,0,0
785,785,784,786,795,796,0,0,0,0,0,0,0,0,0,1,1,0,5,5,0,0
786,786,785,787,796,797,0,0,0,0,0,0,0,0,0,1,1,0,5,5,0,0
787,787,786,788,797,798,0,0,0,0,0,0,0,0,0,1,1,0,5,5,0,0
788,788,787,789,798,799,0,0,0,0,0,0,0,0,0,1,1,0,5,5,0,0
789,789,788,0,799,800,0,0,0,0,0,0,0,0,0,1,1,0,5,5,0,0
