PID,B,L,H,Bx,Ly,ReF,MCODE1,MCODE2,MCODE3
1,0,0,-1.71,6.35,11.01,0,0,0,0
2,0,0,-1.72,5.97,10.09,0,0,0,0
3,0,0,-1.73,5.6,9.16,0,0,0,0
4,0,0,-1.73,5.39,8.64,0,0,0,0
5,0,0,-1.73,5.02,7.71,0,0,0,0
6,0,0,-1.73,4.66,6.78,0,0,0,0
7,0,0,-1.74,4.29,5.85,0,0,0,0
8,0,0,-1.74,3.92,4.92,0,0,0,0
9,0,0,-1.74,3.55,3.99,0,0,0,0
10,0,0,-1.74,3.18,3.07,0,0,0,0
11,0,0,-1.74,2.82,2.14,0,0,0,0
12,0,0,-1.74,2.45,1.21,0,0,0,0
13,0,0,-1.74,2.08,0.28,0,0,0,0
14,0,0,-1.75,1.71,-0.65,0,0,0,0
15,0,0,-1.75,1.35,-1.58,0,0,0,0
16,0,0,-1.75,0.98,-2.51,0,0,0,0
17,0,0,-1.75,0.61,-3.44,0,0,0,0
18,0,0,-1.75,0.24,-4.37,0,0,0,0
19,0,0,-1.75,-0.13,-5.3,0,0,0,0
20,0,0,-1.76,-0.49,-6.23,0,0,0,0
21,0,0,-1.76,-0.86,-7.16,0,0,0,0
22,0,0,-1.76,-1.23,-8.09,0,0,0,0
23,0,0,-1.76,-1.6,-9.02,0,0,0,0
24,0,0,-1.76,-1.96,-9.95,0,0,0,0
25,0,0,-1.76,-2.33,-10.88,0,0,0,0
26,0,0,-1.77,-2.7,-11.81,0,0,0,0
27,0,0,-1.77,-3.07,-12.74,0,0,0,0
28,0,0,-1.77,-3.44,-13.67,0,0,0,0
29,0,0,-1.77,-3.8,-14.6,0,0,0,0
30,0,0,-1.77,-4.17,-15.53,0,0,0,0
31,0,0,-1.77,-4.54,-16.46,0,0,0,0
32,0,0,-1.77,-4.91,-17.39,0,0,0,0
33,0,0,-1.78,-5.27,-18.32,0,0,0,0
34,0,0,-1.78,-5.64,-19.25,0,0,0,0
35,0,0,-1.78,-6.01,-20.18,0,0,0,0
36,0,0,-1.78,-6.38,-21.11,0,0,0,0
37,0,0,-1.78,-6.75,-22.04,0,0,0,0
38,0,0,-1.78,-7.11,-22.97,0,0,0,0
39,0,0,-1.79,-7.48,-23.9,0,0,0,0
40,0,0,-1.79,-7.85,-24.83,0,0,0,0
41,0,0,-1.79,-8.22,-25.76,0,0,0,0
42,0,0,-1.79,-8.59,-26.69,0,0,0,0
43,0,0,-1.79,-8.95,-27.62,0,0,0,0
44,0,0,-1.79,-9.32,-28.55,0,0,0,0
45,0,0,-1.8,-9.69,-29.48,0,0,0,0
46,0,0,-1.8,-10.06,-30.41,0,0,0,0
47,0,0,-1.8,-10.42,-31.34,0,0,0,0
48,0,0,-1.8,-10.79,-32.27,0,0,0,0
49,0,0,-1.8,-11.16,-33.2,0,0,0,0
50,0,0,-1.8,-11.53,-34.13,0,0,0,0
51,0,0,-1.8,-11.9,-35.06,0,0,0,0
52,0,0,-1.81,-12.26,-35.99,0,0,0,0
53,0,0,-1.81,-12.63,-36.92,0,0,0,0
54,0,0,-1.81,-13,-37.85,0,0,0,0
55,0,0,-1.81,-13.37,-38.78,0,0,0,0
56,0,0,-1.81,-13.73,-39.71,0,0,0,0
57,0,0,-1.81,-14.15,-40.62,0,0,0,0
58,0,0,-1.81,-14.57,-41.52,0,0,0,0
59,0,0,-1.81,-15,-42.43,0,0,0,0
60,0,0,-1.81,-15.42,-43.34,0,0,0,0
61,0,0,-1.81,-15.84,-44.24,0,0,0,0
62,0,0,-1.81,-16.26,-45.15,0,0,0,0
63,0,0,-1.81,-16.68,-46.06,0,0,0,0
64,0,0,-1.81,-17.1,-46.96,0,0,0,0
65,0,0,-1.81,-17.53,-47.87,0,0,0,0
66,0,0,-1.81,-17.88,-48.63,0,0,0,0
67,0,0,-1.81,-18.83,-48.32,0,0,0,0
68,0,0,-1.81,-19.78,-48.01,0,0,0,0
69,0,0,-1.81,-20.73,-47.69,0,0,0,0
70,0,0,-1.81,-21.68,-47.38,0,0,0,0
71,0,0,-1.81,-22.63,-47.07,0,0,0,0
72,0,0,-1.82,-23.58,-46.76,0,0,0,0
73,0,0,-1.82,-24.53,-46.44,0,0,0,0
74,0,0,-1.82,-25.48,-46.13,0,0,0,0
75,0,0,-1.82,-26.43,-45.82,0,0,0,0
76,0,0,-1.82,-27.38,-45.5,0,0,0,0
77,0,0,-1.82,-28.33,-45.19,0,0,0,0
78,0,0,-1.82,-28.88,-45.01,0,0,0,0
79,0,0,-1.82,-29.8,-44.62,0,0,0,0
80,0,0,-1.82,-30.72,-44.24,0,0,0,0
81,0,0,-1.82,-31.65,-43.86,0,0,0,0
82,0,0,-1.82,-32.57,-43.47,0,0,0,0
83,0,0,-1.82,-33.5,-43.09,0,0,0,0
84,0,0,-1.82,-34.42,-42.71,0,0,0,0
85,0,0,-1.82,-35.34,-42.32,0,0,0,0
86,0,0,-1.82,-36.27,-41.94,0,0,0,0
87,0,0,-1.82,-37.19,-41.56,0,0,0,0
88,0,0,-1.82,-38.11,-41.18,0,0,0,0
89,0,0,-1.82,-39.04,-40.79,0,0,0,0
90,0,0,-1.82,-39.96,-40.41,0,0,0,0
91,0,0,-1.82,-40.88,-40.03,0,0,0,0
92,0,0,-1.82,-41.81,-39.64,0,0,0,0
93,0,0,-1.82,-42.73,-39.26,0,0,0,0
94,0,0,-1.82,-43.66,-38.88,0,0,0,0
95,0,0,-1.82,-44.58,-38.49,0,0,0,0
96,0,0,-1.82,-45.5,-38.11,0,0,0,0
97,0,0,-1.82,-46.43,-37.73,0,0,0,0
98,0,0,-1.82,-47.35,-37.34,0,0,0,0
99,0,0,-1.82,-48.27,-36.96,0,0,0,0
100,0,0,-1.82,-49.2,-36.58,0,0,0,0
101,0,0,-1.82,-50.12,-36.19,0,0,0,0
102,0,0,-1.82,-51.04,-35.81,0,0,0,0
103,0,0,-1.82,-51.97,-35.43,0,0,0,0
104,0,0,-1.82,-52.89,-35.04,0,0,0,0
105,0,0,-1.82,-53.82,-34.66,0,0,0,0
106,0,0,-1.82,-54.74,-34.28,0,0,0,0
107,0,0,-1.82,-55.66,-33.89,0,0,0,0
108,0,0,-1.82,-56.59,-33.51,0,0,0,0
109,0,0,-1.82,-57.51,-33.13,0,0,0,0
110,0,0,-1.82,-58.43,-32.74,0,0,0,0
111,0,0,-1.82,-59.36,-32.36,0,0,0,0
112,0,0,-1.82,-60.28,-31.98,0,0,0,0
113,0,0,-1.82,-61.21,-31.6,0,0,0,0
114,0,0,-1.82,-62.13,-31.21,0,0,0,0
115,0,0,-1.82,-63.05,-30.83,0,0,0,0
116,0,0,-1.82,-63.98,-30.45,0,0,0,0
117,0,0,-1.82,-64.9,-30.06,0,0,0,0
118,0,0,-1.82,-65.79,-29.6,0,0,0,0
119,0,0,-1.82,-66.68,-29.14,0,0,0,0
120,0,0,-1.82,-67.57,-28.69,0,0,0,0
121,0,0,-1.82,-68.46,-28.23,0,0,0,0
122,0,0,-1.82,-69.34,-27.77,0,0,0,0
123,0,0,-1.82,-70.23,-27.31,0,0,0,0
124,0,0,-1.82,-71.12,-26.85,0,0,0,0
125,0,0,-1.82,-72.01,-26.39,0,0,0,0
126,0,0,-1.82,-72.9,-25.94,0,0,0,0
127,0,0,-1.82,-73.79,-25.48,0,0,0,0
128,0,0,-1.82,-74.68,-25.02,0,0,0,0
129,0,0,-1.82,-75.57,-24.56,0,0,0,0
130,0,0,-1.82,-76.45,-24.1,0,0,0,0
131,0,0,-1.82,-77.34,-23.64,0,0,0,0
132,0,0,-1.82,-78.23,-23.19,0,0,0,0
133,0,0,-1.82,-79.12,-22.73,0,0,0,0
134,0,0,-1.82,-79.76,-22.4,0,0,0,0
135,0,0,-1.82,-79.38,-21.47,0,0,0,0
136,0,0,-1.82,-79,-20.55,0,0,0,0
137,0,0,-1.82,-78.62,-19.62,0,0,0,0
138,0,0,-1.82,-78.24,-18.7,0,0,0,0
139,0,0,-1.82,-77.86,-17.77,0,0,0,0
140,0,0,-1.82,-77.5,-16.88,0,0,0,0
141,0,0,-1.82,-77.16,-15.94,0,0,0,0
142,0,0,-1.82,-76.8,-15.01,0,0,0,0
143,0,0,-1.82,-76.44,-14.08,0,0,0,0
144,0,0,-1.82,-76.07,-13.15,0,0,0,0
145,0,0,-1.82,-75.7,-12.22,0,0,0,0
146,0,0,-1.82,-75.32,-11.29,0,0,0,0
147,0,0,-1.82,-74.93,-10.37,0,0,0,0
148,0,0,-1.82,-74.55,-9.45,0,0,0,0
149,0,0,-1.82,-74.16,-8.53,0,0,0,0
150,0,0,-1.82,-73.77,-7.61,0,0,0,0
151,0,0,-1.82,-73.38,-6.69,0,0,0,0
152,0,0,-1.82,-72.98,-5.77,0,0,0,0
153,0,0,-1.82,-72.58,-4.85,0,0,0,0
154,0,0,-1.82,-72.19,-3.93,0,0,0,0
155,0,0,-1.82,-71.79,-3.02,0,0,0,0
156,0,0,-1.82,-71.39,-2.1,0,0,0,0
157,0,0,-1.82,-70.98,-1.18,0,0,0,0
158,0,0,-1.82,-70.58,-0.27,0,0,0,0
159,0,0,-1.82,-70.18,0.65,0,0,0,0
160,0,0,-1.82,-69.78,1.56,0,0,0,0
161,0,0,-1.82,-69.37,2.48,0,0,0,0
162,0,0,-1.82,-68.97,3.39,0,0,0,0
163,0,0,-1.82,-68.56,4.31,0,0,0,0
164,0,0,-1.82,-68.16,5.22,0,0,0,0
165,0,0,-1.82,-67.75,6.13,0,0,0,0
166,0,0,-1.82,-67.34,7.05,0,0,0,0
167,0,0,-1.82,-66.94,7.96,0,0,0,0
168,0,0,-1.82,-66.53,8.87,0,0,0,0
169,0,0,-1.82,-66.12,9.79,0,0,0,0
170,0,0,-1.82,-65.72,10.7,0,0,0,0
171,0,0,-1.82,-65.31,11.62,0,0,0,0
172,0,0,-1.82,-64.91,12.53,0,0,0,0
173,0,0,-1.82,-64.45,13.42,0,0,0,0
174,0,0,-1.82,-64,14.31,0,0,0,0
175,0,0,-1.82,-63.54,15.2,0,0,0,0
176,0,0,-1.82,-63.08,16.09,0,0,0,0
177,0,0,-1.82,-62.63,16.98,0,0,0,0
178,0,0,-1.82,-62.17,17.87,0,0,0,0
179,0,0,-1.82,-61.71,18.76,0,0,0,0
180,0,0,-1.82,-61.25,19.65,0,0,0,0
181,0,0,-1.82,-60.8,20.54,0,0,0,0
182,0,0,-1.82,-60.34,21.43,0,0,0,0
183,0,0,-1.82,-59.88,22.31,0,0,0,0
184,0,0,-1.82,-59.43,23.2,0,0,0,0
185,0,0,-1.82,-59.42,23.21,0,0,0,0
186,0,0,-1.82,-58.47,22.9,0,0,0,0
187,0,0,-1.82,-57.52,22.59,0,0,0,0
188,0,0,-1.82,-56.57,22.29,0,0,0,0
189,0,0,-1.82,-55.62,21.98,0,0,0,0
190,0,0,-1.82,-54.67,21.67,0,0,0,0
191,0,0,-1.82,-53.72,21.36,0,0,0,0
192,0,0,-1.82,-52.77,21.05,0,0,0,0
193,0,0,-1.82,-51.81,20.74,0,0,0,0
194,0,0,-1.82,-50.86,20.43,0,0,0,0
195,0,0,-1.82,-49.91,20.12,0,0,0,0
196,0,0,-1.82,-49.58,20.01,0,0,0,0
197,0,0,-1.82,-48.65,19.64,0,0,0,0
198,0,0,-1.82,-47.72,19.28,0,0,0,0
199,0,0,-1.82,-46.79,18.92,0,0,0,0
200,0,0,-1.82,-45.86,18.55,0,0,0,0
201,0,0,-1.82,-44.92,18.19,0,0,0,0
202,0,0,-1.82,-43.99,17.83,0,0,0,0
203,0,0,-1.82,-43.06,17.46,0,0,0,0
204,0,0,-1.82,-42.13,17.1,0,0,0,0
205,0,0,-1.82,-41.2,16.73,0,0,0,0
206,0,0,-1.82,-40.27,16.37,0,0,0,0
207,0,0,-1.82,-39.33,16.01,0,0,0,0
208,0,0,-1.82,-38.4,15.64,0,0,0,0
209,0,0,-1.82,-37.47,15.28,0,0,0,0
210,0,0,-1.82,-36.54,14.92,0,0,0,0
211,0,0,-1.82,-35.61,14.55,0,0,0,0
212,0,0,-1.82,-34.68,14.19,0,0,0,0
213,0,0,-1.82,-33.76,13.79,0,0,0,0
214,0,0,-1.82,-32.84,13.4,0,0,0,0
215,0,0,-1.82,-31.92,13.01,0,0,0,0
216,0,0,-1.82,-31,12.61,0,0,0,0
217,0,0,-1.82,-30.08,12.22,0,0,0,0
218,0,0,-1.82,-29.16,11.83,0,0,0,0
219,0,0,-1.82,-28.24,11.43,0,0,0,0
220,0,0,-1.82,-27.32,11.04,0,0,0,0
221,0,0,-1.82,-26.4,10.64,0,0,0,0
222,0,0,-1.82,-25.49,10.25,0,0,0,0
223,0,0,-1.82,-24.57,9.86,0,0,0,0
224,0,0,-1.82,-23.65,9.46,0,0,0,0
225,0,0,-1.82,-22.73,9.07,0,0,0,0
226,0,0,-1.82,-21.81,8.67,0,0,0,0
227,0,0,-1.82,-20.89,8.28,0,0,0,0
228,0,0,-1.82,-19.97,7.89,0,0,0,0
229,0,0,-1.82,-19.05,7.49,0,0,0,0
230,0,0,-1.82,-18.29,7.16,0,0,0,0
231,0,0,-1.82,-29.16,11.83,0,0,0,0
232,0,0,-1.82,-28.68,12.71,0,0,0,0
233,0,0,-1.82,-28.21,13.59,0,0,0,0
234,0,0,-1.82,-27.73,14.47,0,0,0,0
235,0,0,-1.81,-27.26,15.35,0,0,0,0
236,0,0,-1.81,-26.78,16.23,0,0,0,0
237,0,0,-1.81,-26.31,17.11,0,0,0,0
238,0,0,-1.81,-25.83,17.99,0,0,0,0
239,0,0,-1.81,-25.39,18.81,0,0,0,0
240,0,0,-1.81,-25.06,19.55,0,0,0,0
241,0,0,-1.81,-24.69,20.48,0,0,0,0
242,0,0,-1.81,-24.32,21.41,0,0,0,0
243,0,0,-1.81,-23.95,22.34,0,0,0,0
244,0,0,-1.81,-23.58,23.26,0,0,0,0
245,0,0,-1.81,-23.21,24.19,0,0,0,0
246,0,0,-1.81,-22.83,25.12,0,0,0,0
247,0,0,-1.81,-22.46,26.05,0,0,0,0
248,0,0,-1.81,-22.09,26.98,0,0,0,0
249,0,0,-1.81,-21.72,27.91,0,0,0,0
250,0,0,-1.81,-21.35,28.83,0,0,0,0
251,0,0,-1.81,-20.98,29.76,0,0,0,0
252,0,0,-1.81,-20.6,30.69,0,0,0,0
253,0,0,-1.81,-20.23,31.62,0,0,0,0
254,0,0,-1.81,-19.86,32.55,0,0,0,0
255,0,0,-1.81,-19.49,33.48,0,0,0,0
256,0,0,-1.81,-19.12,34.4,0,0,0,0
257,0,0,-1.81,-18.74,35.33,0,0,0,0
258,0,0,-1.81,-18.37,36.26,0,0,0,0
259,0,0,-1.81,-18,37.19,0,0,0,0
260,0,0,-1.81,-17.63,38.12,0,0,0,0
261,0,0,-1.81,-17.26,39.05,0,0,0,0
262,0,0,-1.81,-16.89,39.97,0,0,0,0
263,0,0,-1.81,-16.51,40.9,0,0,0,0
264,0,0,-1.81,-16.14,41.83,0,0,0,0
265,0,0,-1.8,-15.77,42.76,0,0,0,0
266,0,0,-1.8,-15.4,43.69,0,0,0,0
267,0,0,-1.8,-15.03,44.62,0,0,0,0
268,0,0,-1.8,-14.66,45.54,0,0,0,0
269,0,0,-1.8,-14.28,46.47,0,0,0,0
270,0,0,-1.8,-13.91,47.4,0,0,0,0
271,0,0,-1.8,-13.54,48.33,0,0,0,0
272,0,0,-1.8,-13.17,49.26,0,0,0,0
273,0,0,-1.8,-12.8,50.19,0,0,0,0
274,0,0,-1.8,-12.42,51.11,0,0,0,0
275,0,0,-1.8,-12.05,52.04,0,0,0,0
276,0,0,-1.8,-11.6,52.94,0,0,0,0
277,0,0,-1.8,-11.16,53.83,0,0,0,0
278,0,0,-1.8,-10.71,54.73,0,0,0,0
279,0,0,-1.8,-10.27,55.62,0,0,0,0
280,0,0,-1.8,-9.82,56.52,0,0,0,0
281,0,0,-1.8,-9.38,57.41,0,0,0,0
282,0,0,-1.8,-8.93,58.31,0,0,0,0
283,0,0,-1.8,-8.48,59.2,0,0,0,0
284,0,0,-1.8,-8.04,60.1,0,0,0,0
285,0,0,-1.8,-7.59,60.99,0,0,0,0
286,0,0,-1.8,-7.15,61.89,0,0,0,0
287,0,0,-1.8,-6.7,62.78,0,0,0,0
288,0,0,-1.8,-6.63,62.93,0,0,0,0
289,0,0,-1.8,-5.65,62.73,0,0,0,0
290,0,0,-1.8,-4.67,62.52,0,0,0,0
291,0,0,-1.8,-3.69,62.31,0,0,0,0
292,0,0,-1.8,-2.71,62.1,0,0,0,0
293,0,0,-1.8,-1.73,61.9,0,0,0,0
294,0,0,-1.8,-0.76,61.69,0,0,0,0
295,0,0,-1.8,0.22,61.48,0,0,0,0
296,0,0,-1.8,1.2,61.27,0,0,0,0
297,0,0,-1.8,2.18,61.07,0,0,0,0
298,0,0,-1.8,3.16,60.86,0,0,0,0
299,0,0,-1.8,4.13,60.65,0,0,0,0
300,0,0,-1.8,4.48,60.58,0,0,0,0
301,0,0,-1.8,5.45,60.38,0,0,0,0
302,0,0,-1.8,6.43,60.14,0,0,0,0
303,0,0,-1.8,6.67,60.09,0,0,0,0
304,0,0,-1.8,7.61,59.77,0,0,0,0
305,0,0,-1.8,8.56,59.45,0,0,0,0
306,0,0,-1.8,9.51,59.14,0,0,0,0
307,0,0,-1.8,10.46,58.82,0,0,0,0
308,0,0,-1.8,11.41,58.51,0,0,0,0
309,0,0,-1.8,12.36,58.19,0,0,0,0
310,0,0,-1.8,13,58,0,0,0,0
311,0,0,-1.82,-18.29,7.16,0,0,0,0
312,0,0,-1.82,-17.35,6.82,0,0,0,0
313,0,0,-1.82,-16.41,6.48,0,0,0,0
314,0,0,-1.82,-15.47,6.14,0,0,0,0
315,0,0,-1.82,-14.53,5.79,0,0,0,0
316,0,0,-1.82,-13.59,5.45,0,0,0,0
317,0,0,-1.82,-12.77,5.16,0,0,0,0
318,0,0,-1.82,-11.85,4.78,0,0,0,0
319,0,0,-1.82,-10.92,4.41,0,0,0,0
320,0,0,-1.82,-9.99,4.04,0,0,0,0
321,0,0,-1.82,-9.06,3.67,0,0,0,0
322,0,0,-1.82,-8.13,3.3,0,0,0,0
323,0,0,-1.82,-7.21,2.92,0,0,0,0
324,0,0,-1.82,-6.28,2.55,0,0,0,0
325,0,0,-1.82,-5.35,2.18,0,0,0,0
326,0,0,-1.82,-4.42,1.81,0,0,0,0
327,0,0,-1.82,-3.49,1.45,0,0,0,0
328,0,0,-1.82,-2.56,1.08,0,0,0,0
329,0,0,-1.82,-1.63,0.72,0,0,0,0
330,0,0,-1.82,-0.69,0.36,0,0,0,0
331,0,0,-1.82,0.24,-0.01,0,0,0,0
332,0,0,-1.82,0.97,-0.29,0,0,0,0
333,0,0,-1.81,0.71,-1.26,0,0,0,0
334,0,0,-1.8,0.45,-2.22,0,0,0,0
335,0,0,-1.79,0.19,-3.19,0,0,0,0
336,0,0,-1.79,-0.06,-4.16,0,0,0,0
337,0,0,-1.78,-0.32,-5.12,0,0,0,0
338,0,0,-1.77,-0.58,-6.09,0,0,0,0
339,0,0,-1.76,-0.83,-7.06,0,0,0,0
340,0,0,-1.76,-0.86,-7.16,0,0,0,0
341,0,0,-1.8,13,58,0,0,0,0
342,0,0,-1.8,13.94,57.67,0,0,0,0
343,0,0,-1.8,14.89,57.34,0,0,0,0
344,0,0,-1.8,15.83,57.01,0,0,0,0
345,0,0,-1.8,16.77,56.68,0,0,0,0
346,0,0,-1.8,17.72,56.35,0,0,0,0
347,0,0,-1.8,18.66,56.02,0,0,0,0
348,0,0,-1.8,19.15,55.85,0,0,0,0
349,0,0,-1.8,20.07,55.46,0,0,0,0
350,0,0,-1.8,20.99,55.08,0,0,0,0
351,0,0,-1.8,21.91,54.69,0,0,0,0
352,0,0,-1.8,22.83,54.3,0,0,0,0
353,0,0,-1.8,23.76,53.91,0,0,0,0
354,0,0,-1.8,24.68,53.52,0,0,0,0
355,0,0,-1.8,25.6,53.13,0,0,0,0
356,0,0,-1.8,26.52,52.74,0,0,0,0
357,0,0,-1.8,27.44,52.35,0,0,0,0
358,0,0,-1.8,28.36,51.96,0,0,0,0
359,0,0,-1.8,29.28,51.58,0,0,0,0
360,0,0,-1.8,30.2,51.19,0,0,0,0
361,0,0,-1.8,31.13,50.8,0,0,0,0
362,0,0,-1.8,32.05,50.41,0,0,0,0
363,0,0,-1.8,32.97,50.02,0,0,0,0
364,0,0,-1.8,33.89,49.63,0,0,0,0
365,0,0,-1.8,34.81,49.24,0,0,0,0
366,0,0,-1.8,35.73,48.85,0,0,0,0
367,0,0,-1.8,36.65,48.46,0,0,0,0
368,0,0,-1.8,37.57,48.08,0,0,0,0
369,0,0,-1.8,38.5,47.69,0,0,0,0
370,0,0,-1.8,39.42,47.3,0,0,0,0
371,0,0,-1.8,40.34,46.91,0,0,0,0
372,0,0,-1.8,41.26,46.52,0,0,0,0
373,0,0,-1.8,42.18,46.13,0,0,0,0
374,0,0,-1.8,43.1,45.74,0,0,0,0
375,0,0,-1.8,44.02,45.35,0,0,0,0
376,0,0,-1.8,44.94,44.96,0,0,0,0
377,0,0,-1.8,45.87,44.57,0,0,0,0
378,0,0,-1.8,46.79,44.19,0,0,0,0
379,0,0,-1.8,47.71,43.8,0,0,0,0
380,0,0,-1.8,48.63,43.41,0,0,0,0
381,0,0,-1.8,49.24,42.61,0,0,0,0
382,0,0,-1.8,49.74,41.75,0,0,0,0
383,0,0,-1.8,50.14,40.83,0,0,0,0
384,0,0,-1.8,50.45,39.88,0,0,0,0
385,0,0,-1.8,50.68,38.91,0,0,0,0
386,0,0,-1.8,50.83,37.92,0,0,0,0
387,0,0,-1.8,50.9,36.92,0,0,0,0
388,0,0,-1.8,50.92,35.92,0,0,0,0
389,0,0,-1.8,50.87,34.92,0,0,0,0
390,0,0,-1.8,50.76,33.93,0,0,0,0
391,0,0,-1.8,50.61,32.94,0,0,0,0
392,0,0,-1.8,50.41,31.96,0,0,0,0
393,0,0,-1.8,50.16,30.99,0,0,0,0
394,0,0,-1.8,49.86,30.04,0,0,0,0
395,0,0,-1.8,49.52,29.1,0,0,0,0
396,0,0,-1.8,49.14,28.18,0,0,0,0
397,0,0,-1.8,48.71,27.27,0,0,0,0
398,0,0,-1.8,48.23,26.4,0,0,0,0
399,0,0,-1.8,47.7,25.55,0,0,0,0
400,0,0,-1.8,47.11,24.74,0,0,0,0
401,0,0,-1.8,46.47,23.97,0,0,0,0
402,0,0,-1.8,45.87,23.17,0,0,0,0
403,0,0,-1.8,45.24,22.39,0,0,0,0
404,0,0,-1.8,44.58,21.64,0,0,0,0
405,0,0,-1.8,43.88,20.92,0,0,0,0
406,0,0,-1.8,43.16,20.23,0,0,0,0
407,0,0,-1.8,42.4,19.58,0,0,0,0
408,0,0,-1.8,41.62,18.96,0,0,0,0
409,0,0,-1.8,40.8,18.38,0,0,0,0
410,0,0,-1.8,39.95,17.85,0,0,0,0
411,0,0,-1.8,39.07,17.38,0,0,0,0
412,0,0,-1.8,38.16,16.97,0,0,0,0
413,0,0,-1.8,37.22,16.63,0,0,0,0
414,0,0,-1.8,36.26,16.37,0,0,0,0
415,0,0,-1.8,35.27,16.2,0,0,0,0
416,0,0,-1.8,34.27,16.13,0,0,0,0
417,0,0,-1.8,33.27,16.17,0,0,0,0
418,0,0,-1.8,32.29,16.33,0,0,0,0
419,0,0,-1.8,31.29,16.4,0,0,0,0
420,0,0,-1.8,30.34,16.71,0,0,0,0
421,0,0,-1.8,29.44,17.15,0,0,0,0
422,0,0,-1.8,28.59,17.67,0,0,0,0
423,0,0,-1.79,27.76,18.24,0,0,0,0
424,0,0,-1.79,26.96,18.84,0,0,0,0
425,0,0,-1.79,26.17,19.46,0,0,0,0
426,0,0,-1.79,26.11,19.5,0,0,0,0
427,0,0,-1.79,25.35,20.15,0,0,0,0
428,0,0,-1.79,24.56,20.76,0,0,0,0
429,0,0,-1.78,23.75,21.35,0,0,0,0
430,0,0,-1.78,22.92,21.9,0,0,0,0
431,0,0,-1.77,22.05,22.39,0,0,0,0
432,0,0,-1.77,21.14,22.82,0,0,0,0
433,0,0,-1.76,20.2,23.16,0,0,0,0
434,0,0,-1.76,19.23,23.4,0,0,0,0
435,0,0,-1.75,18.24,23.52,0,0,0,0
436,0,0,-1.75,17.24,23.5,0,0,0,0
437,0,0,-1.74,16.25,23.35,0,0,0,0
438,0,0,-1.74,15.26,23.21,0,0,0,0
439,0,0,-1.74,14.31,22.89,0,0,0,0
440,0,0,-1.73,13.42,22.44,0,0,0,0
441,0,0,-1.73,12.58,21.9,0,0,0,0
442,0,0,-1.73,11.78,21.3,0,0,0,0
443,0,0,-1.72,11.01,20.67,0,0,0,0
444,0,0,-1.72,10.27,19.99,0,0,0,0
445,0,0,-1.71,9.59,19.31,0,0,0,0
446,0,0,-1.8,13,58,0,0,0,0
447,0,0,-1.8,13.92,57.6,0,0,0,0
448,0,0,-1.8,14.77,57.08,0,0,0,0
449,0,0,-1.8,15.57,56.49,0,0,0,0
450,0,0,-1.8,16.34,55.84,0,0,0,0
451,0,0,-1.79,17.06,55.15,0,0,0,0
452,0,0,-1.79,17.72,54.4,0,0,0,0
453,0,0,-1.79,18.33,53.61,0,0,0,0
454,0,0,-1.79,18.87,52.77,0,0,0,0
455,0,0,-1.79,19.3,51.86,0,0,0,0
456,0,0,-1.79,19.56,50.9,0,0,0,0
457,0,0,-1.79,19.63,50.44,0,0,0,0
458,0,0,-1.79,19.67,49.44,0,0,0,0
459,0,0,-1.78,19.67,48.44,0,0,0,0
460,0,0,-1.78,19.62,47.44,0,0,0,0
461,0,0,-1.78,19.53,46.44,0,0,0,0
462,0,0,-1.78,19.4,45.45,0,0,0,0
463,0,0,-1.77,19.24,44.47,0,0,0,0
464,0,0,-1.77,19.05,43.48,0,0,0,0
465,0,0,-1.77,18.83,42.51,0,0,0,0
466,0,0,-1.77,18.59,41.54,0,0,0,0
467,0,0,-1.77,18.32,40.58,0,0,0,0
468,0,0,-1.76,18.03,39.62,0,0,0,0
469,0,0,-1.76,17.72,38.67,0,0,0,0
470,0,0,-1.76,17.4,37.72,0,0,0,0
471,0,0,-1.76,17.06,36.78,0,0,0,0
472,0,0,-1.75,16.7,35.85,0,0,0,0
473,0,0,-1.75,16.34,34.91,0,0,0,0
474,0,0,-1.75,15.96,33.99,0,0,0,0
475,0,0,-1.75,15.57,33.07,0,0,0,0
476,0,0,-1.74,15.18,32.15,0,0,0,0
477,0,0,-1.74,14.78,31.23,0,0,0,0
478,0,0,-1.74,14.37,30.32,0,0,0,0
479,0,0,-1.74,13.96,29.41,0,0,0,0
480,0,0,-1.74,13.55,28.49,0,0,0,0
481,0,0,-1.73,13.13,27.58,0,0,0,0
482,0,0,-1.73,12.72,26.68,0,0,0,0
483,0,0,-1.73,12.3,25.77,0,0,0,0
484,0,0,-1.73,11.89,24.85,0,0,0,0
485,0,0,-1.72,11.49,23.94,0,0,0,0
486,0,0,-1.72,11.09,23.02,0,0,0,0
487,0,0,-1.72,10.69,22.1,0,0,0,0
488,0,0,-1.72,10.31,21.18,0,0,0,0
489,0,0,-1.72,9.94,20.25,0,0,0,0
490,0,0,-1.71,9.59,19.31,0,0,0,0
491,0,0,-1.71,9.23,18.38,0,0,0,0
492,0,0,-1.71,8.87,17.45,0,0,0,0
493,0,0,-1.71,8.5,16.52,0,0,0,0
494,0,0,-1.71,8.14,15.59,0,0,0,0
495,0,0,-1.71,7.77,14.66,0,0,0,0
496,0,0,-1.71,7.41,13.72,0,0,0,0
497,0,0,-1.71,7.05,12.79,0,0,0,0
498,0,0,-1.71,6.68,11.86,0,0,0,0
499,0,0,-1.71,6.35,11.01,0,0,0,0
500,0,0,-1.82,-5.35,2.18,0,0,0,0
501,0,0,-1.82,-4.4,1.85,0,0,0,0
502,0,0,-1.82,-3.46,1.53,0,0,0,0
503,0,0,-1.82,-2.51,1.2,0,0,0,0
504,0,0,-1.82,-1.57,0.88,0,0,0,0
505,0,0,-1.82,-0.62,0.55,0,0,0,0
506,0,0,-1.82,-0.56,0.53,0,0,0,0
507,0,0,-1.82,-0.21,1.46,0,0,0,0
508,0,0,-1.82,0.15,2.4,0,0,0,0
509,0,0,-1.82,0.5,3.34,0,0,0,0
510,0,0,-1.82,0.85,4.27,0,0,0,0
511,0,0,-1.82,1.21,5.21,0,0,0,0
512,0,0,-1.82,1.56,6.14,0,0,0,0
513,0,0,-1.82,1.91,7.08,0,0,0,0
514,0,0,-1.82,2.22,7.89,0,0,0,0
515,0,0,-1.82,2.58,8.82,0,0,0,0
516,0,0,-1.82,2.94,9.75,0,0,0,0
517,0,0,-1.82,3.3,10.69,0,0,0,0
518,0,0,-1.82,3.66,11.62,0,0,0,0
519,0,0,-1.82,4.01,12.55,0,0,0,0
520,0,0,-1.82,4.37,13.49,0,0,0,0
521,0,0,-1.82,4.73,14.42,0,0,0,0
522,0,0,-1.82,5.09,15.35,0,0,0,0
523,0,0,-1.82,5.45,16.29,0,0,0,0
524,0,0,-1.82,5.81,17.22,0,0,0,0
525,0,0,-1.82,6.17,18.15,0,0,0,0
526,0,0,-1.83,6.53,19.09,0,0,0,0
527,0,0,-1.83,6.89,20.02,0,0,0,0
528,0,0,-1.83,7.25,20.95,0,0,0,0
529,0,0,-1.83,7.61,21.89,0,0,0,0
530,0,0,-1.83,7.97,22.82,0,0,0,0
531,0,0,-1.83,8.33,23.75,0,0,0,0
532,0,0,-1.83,8.64,24.56,0,0,0,0
533,0,0,-1.83,8.91,25.53,0,0,0,0
534,0,0,-1.83,9.18,26.49,0,0,0,0
535,0,0,-1.83,9.45,27.45,0,0,0,0
536,0,0,-1.83,9.74,28.41,0,0,0,0
537,0,0,-1.83,10.05,29.36,0,0,0,0
538,0,0,-1.83,10.39,30.3,0,0,0,0
539,0,0,-1.83,10.75,31.15,0,0,0,0
540,0,0,-1.83,11.19,32.05,0,0,0,0
541,0,0,-1.83,11.62,32.95,0,0,0,0
542,0,0,-1.84,12.04,33.86,0,0,0,0
543,0,0,-1.84,12.46,34.77,0,0,0,0
544,0,0,-1.85,12.87,35.68,0,0,0,0
545,0,0,-1.85,13.26,36.6,0,0,0,0
546,0,0,-1.86,13.65,37.52,0,0,0,0
547,0,0,-1.86,14.02,38.45,0,0,0,0
548,0,0,-1.87,14.37,39.39,0,0,0,0
549,0,0,-1.87,14.71,40.33,0,0,0,0
550,0,0,-1.88,15.02,41.28,0,0,0,0
551,0,0,-1.88,15.27,42.25,0,0,0,0
552,0,0,-1.88,15.53,43.21,0,0,0,0
553,0,0,-1.88,15.78,44.18,0,0,0,0
554,0,0,-1.88,16.04,45.15,0,0,0,0
555,0,0,-1.88,16.29,46.12,0,0,0,0
556,0,0,-1.88,16.55,47.08,0,0,0,0
557,0,0,-1.88,16.8,48.05,0,0,0,0
558,0,0,-1.88,17.06,49.02,0,0,0,0
559,0,0,-1.88,17.31,49.98,0,0,0,0
560,0,0,-1.88,17.57,50.95,0,0,0,0
561,0,0,-1.88,17.69,51.43,0,0,0,0
562,0,0,-1.89,16.8,51.89,0,0,0,0
563,0,0,-1.89,15.92,52.35,0,0,0,0
564,0,0,-1.9,15.03,52.81,0,0,0,0
565,0,0,-1.91,14.14,53.27,0,0,0,0
566,0,0,-1.92,13.25,53.72,0,0,0,0
567,0,0,-1.92,12.36,54.18,0,0,0,0
568,0,0,-1.93,11.47,54.64,0,0,0,0
569,0,0,-1.93,11.38,54.69,0,0,0,0
570,0,0,-1.94,10.6,55.31,0,0,0,0
571,0,0,-1.94,9.78,55.88,0,0,0,0
572,0,0,-1.94,8.92,56.41,0,0,0,0
573,0,0,-1.94,8.05,56.89,0,0,0,0
574,0,0,-1.95,7.14,57.31,0,0,0,0
575,0,0,-1.95,6.22,57.69,0,0,0,0
576,0,0,-1.95,5.27,58.02,0,0,0,0
577,0,0,-1.96,4.31,58.29,0,0,0,0
578,0,0,-1.96,3.34,58.51,0,0,0,0
579,0,0,-1.96,2.35,58.67,0,0,0,0
580,0,0,-1.95,1.39,58.96,0,0,0,0
581,0,0,-1.93,0.44,59.25,0,0,0,0
582,0,0,-1.92,-0.52,59.54,0,0,0,0
583,0,0,-1.91,-1.48,59.83,0,0,0,0
584,0,0,-1.89,-2.43,60.12,0,0,0,0
585,0,0,-1.88,-3.39,60.41,0,0,0,0
586,0,0,-1.86,-4.35,60.71,0,0,0,0
587,0,0,-1.85,-5.3,61,0,0,0,0
588,0,0,-1.84,-6.05,61.22,0,0,0,0
589,0,0,-1.84,-6.51,60.33,0,0,0,0
590,0,0,-1.83,-6.96,59.44,0,0,0,0
591,0,0,-1.83,-7.41,58.55,0,0,0,0
592,0,0,-1.83,-7.86,57.66,0,0,0,0
593,0,0,-1.82,-8.31,56.76,0,0,0,0
594,0,0,-1.82,-8.77,55.87,0,0,0,0
595,0,0,-1.82,-9.22,54.98,0,0,0,0
596,0,0,-1.81,-9.67,54.09,0,0,0,0
597,0,0,-1.81,-10.12,53.2,0,0,0,0
598,0,0,-1.81,-10.57,52.3,0,0,0,0
599,0,0,-1.8,-11.03,51.41,0,0,0,0
600,0,0,-1.8,-11.48,50.52,0,0,0,0
601,0,0,-1.8,-11.58,50.32,0,0,0,0
602,0,0,-1.8,-11.6,50.28,0,0,0,0
603,0,0,-1.8,-11.98,49.35,0,0,0,0
604,0,0,-1.8,-12.35,48.42,0,0,0,0
605,0,0,-1.8,-12.72,47.49,0,0,0,0
606,0,0,-1.8,-13.09,46.56,0,0,0,0
607,0,0,-1.8,-13.47,45.64,0,0,0,0
608,0,0,-1.8,-13.84,44.71,0,0,0,0
609,0,0,-1.8,-14.21,43.78,0,0,0,0
610,0,0,-1.8,-14.58,42.85,0,0,0,0
611,0,0,-1.8,-14.96,41.92,0,0,0,0
612,0,0,-1.8,-15.33,41,0,0,0,0
613,0,0,-1.8,-15.7,40.07,0,0,0,0
614,0,0,-1.8,-16.07,39.14,0,0,0,0
615,0,0,-1.8,-16.45,38.21,0,0,0,0
616,0,0,-1.8,-16.82,37.29,0,0,0,0
617,0,0,-1.8,-17.19,36.36,0,0,0,0
618,0,0,-1.8,-17.57,35.43,0,0,0,0
619,0,0,-1.8,-17.94,34.5,0,0,0,0
620,0,0,-1.8,-18.31,33.57,0,0,0,0
621,0,0,-1.8,-18.68,32.65,0,0,0,0
622,0,0,-1.8,-19.06,31.72,0,0,0,0
623,0,0,-1.8,-19.43,30.79,0,0,0,0
624,0,0,-1.8,-19.8,29.86,0,0,0,0
625,0,0,-1.8,-20.17,28.93,0,0,0,0
626,0,0,-1.8,-20.55,28.01,0,0,0,0
627,0,0,-1.8,-20.92,27.08,0,0,0,0
628,0,0,-1.8,-21.29,26.15,0,0,0,0
629,0,0,-1.8,-21.67,25.22,0,0,0,0
630,0,0,-1.8,-22.04,24.29,0,0,0,0
631,0,0,-1.8,-22.41,23.37,0,0,0,0
632,0,0,-1.8,-22.78,22.44,0,0,0,0
633,0,0,-1.8,-23.16,21.51,0,0,0,0
634,0,0,-1.8,-23.53,20.58,0,0,0,0
635,0,0,-1.8,-23.9,19.65,0,0,0,0
636,0,0,-1.8,-24.27,18.72,0,0,0,0
637,0,0,-1.8,-24.64,17.79,0,0,0,0
638,0,0,-1.81,-25.01,16.86,0,0,0,0
639,0,0,-1.81,-25.38,15.93,0,0,0,0
640,0,0,-1.81,-25.75,15,0,0,0,0
641,0,0,-1.81,-26.11,14.07,0,0,0,0
642,0,0,-1.82,-26.48,13.14,0,0,0,0
643,0,0,-1.82,-26.85,12.22,0,0,0,0
644,0,0,-1.82,-27.22,11.29,0,0,0,0
645,0,0,-1.82,-27.32,11.04,0,0,0,0
646,0,0,-1.83,7.25,20.95,0,0,0,0
647,0,0,-1.83,7.71,21.84,0,0,0,0
648,0,0,-1.83,8.21,22.7,0,0,0,0
649,0,0,-1.83,8.76,23.54,0,0,0,0
650,0,0,-1.83,9.36,24.34,0,0,0,0
651,0,0,-1.83,10,25.11,0,0,0,0
652,0,0,-1.83,10.7,25.83,0,0,0,0
653,0,0,-1.83,11.45,26.49,0,0,0,0
654,0,0,-1.83,12.25,27.08,0,0,0,0
655,0,0,-1.83,13.1,27.61,0,0,0,0
656,0,0,-1.83,14,28.05,0,0,0,0
657,0,0,-1.83,14.94,28.39,0,0,0,0
658,0,0,-1.83,15.91,28.63,0,0,0,0
659,0,0,-1.83,16.9,28.76,0,0,0,0
660,0,0,-1.83,17.9,28.77,0,0,0,0
661,0,0,-1.83,18.9,28.67,0,0,0,0
662,0,0,-1.83,19.88,28.46,0,0,0,0
663,0,0,-1.83,20.82,28.14,0,0,0,0
664,0,0,-1.83,21.73,27.71,0,0,0,0
665,0,0,-1.83,22.59,27.2,0,0,0,0
666,0,0,-1.83,23.39,26.61,0,0,0,0
667,0,0,-1.83,24.15,25.95,0,0,0,0
668,0,0,-1.83,24.9,25.29,0,0,0,0
669,0,0,-1.83,25.66,24.64,0,0,0,0
670,0,0,-1.83,26.41,23.98,0,0,0,0
671,0,0,-1.83,27.16,23.32,0,0,0,0
672,0,0,-1.83,27.92,22.67,0,0,0,0
673,0,0,-1.83,28.67,22.01,0,0,0,0
674,0,0,-1.83,29.43,21.35,0,0,0,0
675,0,0,-1.83,30.18,20.7,0,0,0,0
676,0,0,-1.83,30.91,20.02,0,0,0,0
677,0,0,-1.83,31.72,19.42,0,0,0,0
678,0,0,-1.83,32.6,18.95,0,0,0,0
679,0,0,-1.83,33.55,18.64,0,0,0,0
680,0,0,-1.83,34.54,18.52,0,0,0,0
681,0,0,-1.83,35.54,18.59,0,0,0,0
682,0,0,-1.83,36.51,18.85,0,0,0,0
683,0,0,-1.83,37.43,19.23,0,0,0,0
684,0,0,-1.83,38.29,19.73,0,0,0,0
685,0,0,-1.83,39.11,20.31,0,0,0,0
686,0,0,-1.83,39.87,20.96,0,0,0,0
687,0,0,-1.83,40.59,21.65,0,0,0,0
688,0,0,-1.83,41.28,22.38,0,0,0,0
689,0,0,-1.83,41.93,23.13,0,0,0,0
690,0,0,-1.83,42.56,23.92,0,0,0,0
691,0,0,-1.83,43.15,24.72,0,0,0,0
692,0,0,-1.83,43.71,25.55,0,0,0,0
693,0,0,-1.83,44.24,26.4,0,0,0,0
694,0,0,-1.83,44.75,27.26,0,0,0,0
695,0,0,-1.83,45.24,28.13,0,0,0,0
696,0,0,-1.83,45.69,29.02,0,0,0,0
697,0,0,-1.83,46.11,29.93,0,0,0,0
698,0,0,-1.83,46.48,30.86,0,0,0,0
699,0,0,-1.83,46.81,31.8,0,0,0,0
700,0,0,-1.83,47.06,32.77,0,0,0,0
701,0,0,-1.83,47.24,33.76,0,0,0,0
702,0,0,-1.83,47.31,34.75,0,0,0,0
703,0,0,-1.83,47.27,35.75,0,0,0,0
704,0,0,-1.83,47.09,36.74,0,0,0,0
705,0,0,-1.83,46.77,37.68,0,0,0,0
706,0,0,-1.83,46.3,38.57,0,0,0,0
707,0,0,-1.83,45.71,39.38,0,0,0,0
708,0,0,-1.83,45.03,40.1,0,0,0,0
709,0,0,-1.83,44.27,40.75,0,0,0,0
710,0,0,-1.83,43.45,41.33,0,0,0,0
711,0,0,-1.83,42.6,41.86,0,0,0,0
712,0,0,-1.83,41.72,42.34,0,0,0,0
713,0,0,-1.83,40.83,42.79,0,0,0,0
714,0,0,-1.83,39.93,43.22,0,0,0,0
715,0,0,-1.83,38.99,43.58,0,0,0,0
716,0,0,-1.83,38.06,43.94,0,0,0,0
717,0,0,-1.83,37.13,44.3,0,0,0,0
718,0,0,-1.83,36.2,44.66,0,0,0,0
719,0,0,-1.83,35.26,45.02,0,0,0,0
720,0,0,-1.83,34.33,45.38,0,0,0,0
721,0,0,-1.83,33.4,45.74,0,0,0,0
722,0,0,-1.83,32.46,46.1,0,0,0,0
723,0,0,-1.83,31.53,46.46,0,0,0,0
724,0,0,-1.83,30.6,46.81,0,0,0,0
725,0,0,-1.83,29.66,47.17,0,0,0,0
726,0,0,-1.83,28.73,47.53,0,0,0,0
727,0,0,-1.83,27.8,47.89,0,0,0,0
728,0,0,-1.82,26.8,47.89,0,0,0,0
729,0,0,-1.82,25.81,47.72,0,0,0,0
730,0,0,-1.81,24.86,47.42,0,0,0,0
731,0,0,-1.81,23.95,47,0,0,0,0
732,0,0,-1.8,23.09,46.49,0,0,0,0
733,0,0,-1.8,22.29,45.9,0,0,0,0
734,0,0,-1.79,21.53,45.25,0,0,0,0
735,0,0,-1.78,20.82,44.54,0,0,0,0
736,0,0,-1.78,20.15,43.79,0,0,0,0
737,0,0,-1.78,19.54,43,0,0,0,0
738,0,0,-1.77,18.98,42.18,0,0,0,0
739,0,0,-1.77,18.59,41.54,0,0,0,0
740,0,0,-1.88,15.02,41.28,0,0,0,0
741,0,0,-1.88,15.46,42.18,0,0,0,0
742,0,0,-1.87,15.93,43.06,0,0,0,0
743,0,0,-1.87,16.44,43.92,0,0,0,0
744,0,0,-1.87,17,44.75,0,0,0,0
745,0,0,-1.87,17.6,45.55,0,0,0,0
746,0,0,-1.86,18.25,46.31,0,0,0,0
747,0,0,-1.86,18.93,47.04,0,0,0,0
748,0,0,-1.86,19.67,47.72,0,0,0,0
749,0,0,-1.85,20.44,48.35,0,0,0,0
750,0,0,-1.85,21.26,48.92,0,0,0,0
751,0,0,-1.84,22.12,49.44,0,0,0,0
752,0,0,-1.84,23.01,49.89,0,0,0,0
753,0,0,-1.83,23.94,50.27,0,0,0,0
754,0,0,-1.83,24.89,50.59,0,0,0,0
755,0,0,-1.82,25.86,50.83,0,0,0,0
756,0,0,-1.82,26.84,51,0,0,0,0
757,0,0,-1.82,27.84,51.08,0,0,0,0
758,0,0,-1.81,28.84,51.09,0,0,0,0
759,0,0,-1.81,29.84,51.02,0,0,0,0
760,0,0,-1.8,30.82,50.86,0,0,0,0
761,0,0,-1.8,31.13,50.8,0,0,0,0
762,0,0,-1.83,27.8,47.89,0,0,0,0
763,0,0,-1.83,26.88,48.3,0,0,0,0
764,0,0,-1.84,25.97,48.7,0,0,0,0
765,0,0,-1.84,25.06,49.11,0,0,0,0
766,0,0,-1.85,24.14,49.52,0,0,0,0
767,0,0,-1.85,23.23,49.92,0,0,0,0
768,0,0,-1.86,22.31,50.33,0,0,0,0
769,0,0,-1.87,21.4,50.73,0,0,0,0
770,0,0,-1.87,20.48,51.14,0,0,0,0
771,0,0,-1.88,19.57,51.54,0,0,0,0
772,0,0,-1.88,18.66,51.95,0,0,0,0
773,0,0,-1.89,17.74,52.35,0,0,0,0
774,0,0,-1.89,16.83,52.76,0,0,0,0
775,0,0,-1.9,15.91,53.16,0,0,0,0
776,0,0,-1.91,15,53.57,0,0,0,0
777,0,0,-1.91,14.08,53.97,0,0,0,0
778,0,0,-1.92,13.17,54.38,0,0,0,0
779,0,0,-1.92,12.26,54.78,0,0,0,0
780,0,0,-1.93,11.34,55.19,0,0,0,0
781,0,0,-1.93,10.43,55.59,0,0,0,0
782,0,0,-1.94,9.78,55.88,0,0,0,0
783,0,0,-1.76,17.4,37.72,0,0,0,0
784,0,0,-1.76,17.4,36.72,0,0,0,0
785,0,0,-1.77,17.49,35.72,0,0,0,0
786,0,0,-1.77,17.68,34.74,0,0,0,0
787,0,0,-1.78,17.97,33.79,0,0,0,0
788,0,0,-1.78,18.36,32.87,0,0,0,0
789,0,0,-1.79,18.83,31.98,0,0,0,0
790,0,0,-1.8,19.36,31.14,0,0,0,0
791,0,0,-1.8,19.95,30.33,0,0,0,0
792,0,0,-1.81,20.58,29.55,0,0,0,0
793,0,0,-1.81,21.24,28.8,0,0,0,0
794,0,0,-1.82,21.93,28.07,0,0,0,0
795,0,0,-1.82,22.63,27.36,0,0,0,0
796,0,0,-1.82,23.34,26.66,0,0,0,0
797,0,0,-1.83,23.39,26.61,0,0,0,0
798,0,0,-1.77,21.14,22.82,0,0,0,0
799,0,0,-1.77,20.43,23.52,0,0,0,0
800,0,0,-1.78,19.74,24.24,0,0,0,0
801,0,0,-1.78,19.08,24.99,0,0,0,0
802,0,0,-1.78,18.44,25.76,0,0,0,0
803,0,0,-1.79,17.84,26.56,0,0,0,0
804,0,0,-1.79,17.27,27.39,0,0,0,0
805,0,0,-1.8,16.74,28.23,0,0,0,0
806,0,0,-1.8,16.26,29.11,0,0,0,0
807,0,0,-1.81,15.82,30.01,0,0,0,0
808,0,0,-1.82,15.42,30.92,0,0,0,0
809,0,0,-1.82,15.08,31.86,0,0,0,0
810,0,0,-1.83,14.8,32.82,0,0,0,0
811,0,0,-1.83,14.57,33.8,0,0,0,0
812,0,0,-1.84,14.41,34.78,0,0,0,0
813,0,0,-1.85,14.31,35.78,0,0,0,0
814,0,0,-1.85,14.28,36.78,0,0,0,0
815,0,0,-1.86,14.32,37.78,0,0,0,0
816,0,0,-1.87,14.43,38.77,0,0,0,0
817,0,0,-1.87,14.61,39.76,0,0,0,0
818,0,0,-1.88,14.85,40.73,0,0,0,0
819,0,0,-1.88,15.02,41.28,0,0,0,0
820,0,0,-1.8,-16.62,-54.01,0,0,0,0
821,0,0,-1.8,-17.54,-53.62,0,0,0,0
822,0,0,-1.8,-18.46,-53.23,0,0,0,0
823,0,0,-1.8,-19.38,-52.83,0,0,0,0
824,0,0,-1.8,-20.3,-52.44,0,0,0,0
825,0,0,-1.8,-21.22,-52.05,0,0,0,0
826,0,0,-1.8,-22.14,-51.65,0,0,0,0
827,0,0,-1.8,-23.05,-51.26,0,0,0,0
828,0,0,-1.8,-23.97,-50.87,0,0,0,0
829,0,0,-1.8,-24.89,-50.47,0,0,0,0
830,0,0,-1.8,-25.81,-50.08,0,0,0,0
831,0,0,-1.8,-26.73,-49.68,0,0,0,0
832,0,0,-1.8,-27.65,-49.29,0,0,0,0
833,0,0,-1.8,-28.57,-48.9,0,0,0,0
834,0,0,-1.8,-29.49,-48.5,0,0,0,0
835,0,0,-1.8,-30.41,-48.11,0,0,0,0
836,0,0,-1.8,-31.33,-47.72,0,0,0,0
837,0,0,-1.8,-32.25,-47.32,0,0,0,0
838,0,0,-1.8,-33.17,-46.93,0,0,0,0
839,0,0,-1.8,-34.09,-46.53,0,0,0,0
840,0,0,-1.8,-35.01,-46.14,0,0,0,0
841,0,0,-1.8,-35.92,-45.75,0,0,0,0
842,0,0,-1.8,-36.84,-45.35,0,0,0,0
843,0,0,-1.8,-37.76,-44.96,0,0,0,0
844,0,0,-1.8,-38.68,-44.57,0,0,0,0
845,0,0,-1.8,-39.6,-44.17,0,0,0,0
846,0,0,-1.8,-40.52,-43.78,0,0,0,0
847,0,0,-1.8,-41.44,-43.39,0,0,0,0
848,0,0,-1.8,-42.36,-42.99,0,0,0,0
849,0,0,-1.8,-43.28,-42.6,0,0,0,0
850,0,0,-1.8,-44.2,-42.2,0,0,0,0
851,0,0,-1.8,-45.12,-41.81,0,0,0,0
852,0,0,-1.8,-46.04,-41.42,0,0,0,0
853,0,0,-1.8,-46.96,-41.02,0,0,0,0
854,0,0,-1.8,-47.87,-40.63,0,0,0,0
855,0,0,-1.8,-48.79,-40.24,0,0,0,0
856,0,0,-1.8,-49.71,-39.84,0,0,0,0
857,0,0,-1.8,-50.63,-39.45,0,0,0,0
858,0,0,-1.8,-51.55,-39.06,0,0,0,0
859,0,0,-1.8,-52.47,-38.66,0,0,0,0
860,0,0,-1.8,-53.39,-38.27,0,0,0,0
861,0,0,-1.8,-54.31,-37.87,0,0,0,0
862,0,0,-1.8,-55.23,-37.48,0,0,0,0
863,0,0,-1.8,-56.15,-37.09,0,0,0,0
864,0,0,-1.8,-57.07,-36.69,0,0,0,0
865,0,0,-1.8,-57.99,-36.3,0,0,0,0
866,0,0,-1.8,-58.91,-35.91,0,0,0,0
867,0,0,-1.8,-59.83,-35.51,0,0,0,0
868,0,0,-1.8,-60.74,-35.12,0,0,0,0
869,0,0,-1.8,-61.66,-34.73,0,0,0,0
870,0,0,-1.8,-62.58,-34.33,0,0,0,0
871,0,0,-1.8,-63.5,-33.94,0,0,0,0
872,0,0,-1.8,-64.42,-33.54,0,0,0,0
873,0,0,-1.8,-65.34,-33.15,0,0,0,0
874,0,0,-1.8,-66.26,-32.76,0,0,0,0
875,0,0,-1.8,-67.18,-32.36,0,0,0,0
876,0,0,-1.8,-68.1,-31.97,0,0,0,0
877,0,0,-1.8,-69.02,-31.58,0,0,0,0
878,0,0,-1.8,-69.94,-31.18,0,0,0,0
879,0,0,-1.8,-70.86,-30.79,0,0,0,0
880,0,0,-1.8,-71.78,-30.4,0,0,0,0
881,0,0,-1.8,-72.69,-30,0,0,0,0
882,0,0,-1.8,-73.61,-29.61,0,0,0,0
883,0,0,-1.8,-74.53,-29.21,0,0,0,0
884,0,0,-1.8,-75.45,-28.82,0,0,0,0
885,0,0,-1.8,-76.37,-28.43,0,0,0,0
886,0,0,-1.8,-77.29,-28.03,0,0,0,0
887,0,0,-1.8,-78.21,-27.64,0,0,0,0
888,0,0,-1.8,-79.13,-27.25,0,0,0,0
889,0,0,-1.8,-80.05,-26.85,0,0,0,0
890,0,0,-1.8,-80.97,-26.46,0,0,0,0
891,0,0,-1.8,-81.89,-26.07,0,0,0,0
892,0,0,-1.8,-82.81,-25.67,0,0,0,0
893,0,0,-1.8,-83.3,-24.8,0,0,0,0
894,0,0,-1.8,-83.19,-23.81,0,0,0,0
895,0,0,-1.8,-82.98,-22.83,0,0,0,0
896,0,0,-1.8,-82.71,-21.87,0,0,0,0
897,0,0,-1.8,-82.4,-20.91,0,0,0,0
898,0,0,-1.8,-82.08,-19.97,0,0,0,0
899,0,0,-1.8,-81.74,-19.03,0,0,0,0
900,0,0,-1.8,-81.39,-18.09,0,0,0,0
901,0,0,-1.8,-81.03,-17.16,0,0,0,0
902,0,0,-1.8,-80.66,-16.23,0,0,0,0
903,0,0,-1.8,-80.28,-15.3,0,0,0,0
904,0,0,-1.8,-79.9,-14.38,0,0,0,0
905,0,0,-1.8,-79.51,-13.46,0,0,0,0
906,0,0,-1.8,-79.12,-12.54,0,0,0,0
907,0,0,-1.8,-78.73,-11.62,0,0,0,0
908,0,0,-1.8,-78.33,-10.7,0,0,0,0
909,0,0,-1.8,-77.93,-9.78,0,0,0,0
910,0,0,-1.8,-77.53,-8.87,0,0,0,0
911,0,0,-1.8,-77.12,-7.95,0,0,0,0
912,0,0,-1.8,-76.72,-7.04,0,0,0,0
913,0,0,-1.8,-76.31,-6.13,0,0,0,0
914,0,0,-1.8,-75.9,-5.21,0,0,0,0
915,0,0,-1.8,-75.49,-4.3,0,0,0,0
916,0,0,-1.8,-75.08,-3.39,0,0,0,0
917,0,0,-1.8,-74.66,-2.48,0,0,0,0
918,0,0,-1.8,-74.25,-1.57,0,0,0,0
919,0,0,-1.8,-73.84,-0.66,0,0,0,0
920,0,0,-1.8,-73.42,0.25,0,0,0,0
921,0,0,-1.8,-73.01,1.16,0,0,0,0
922,0,0,-1.8,-72.6,2.07,0,0,0,0
923,0,0,-1.8,-72.18,2.98,0,0,0,0
924,0,0,-1.8,-71.77,3.89,0,0,0,0
925,0,0,-1.8,-71.36,4.81,0,0,0,0
926,0,0,-1.8,-70.95,5.72,0,0,0,0
927,0,0,-1.8,-70.54,6.63,0,0,0,0
928,0,0,-1.8,-70.13,7.54,0,0,0,0
929,0,0,-1.8,-69.73,8.46,0,0,0,0
930,0,0,-1.8,-69.33,9.37,0,0,0,0
931,0,0,-1.8,-68.93,10.29,0,0,0,0
932,0,0,-1.8,-68.54,11.21,0,0,0,0
933,0,0,-1.8,-68.16,12.14,0,0,0,0
934,0,0,-1.8,-67.79,13.07,0,0,0,0
935,0,0,-1.8,-67.37,13.97,0,0,0,0
936,0,0,-1.8,-66.95,14.88,0,0,0,0
937,0,0,-1.8,-66.53,15.79,0,0,0,0
938,0,0,-1.8,-66.11,16.7,0,0,0,0
939,0,0,-1.8,-65.69,17.61,0,0,0,0
940,0,0,-1.8,-65.27,18.51,0,0,0,0
941,0,0,-1.8,-64.86,19.42,0,0,0,0
942,0,0,-1.8,-64.44,20.33,0,0,0,0
943,0,0,-1.8,-64.02,21.24,0,0,0,0
944,0,0,-1.8,-63.6,22.15,0,0,0,0
945,0,0,-1.8,-63.18,23.05,0,0,0,0
946,0,0,-1.8,-62.76,23.96,0,0,0,0
947,0,0,-1.8,-62.34,24.87,0,0,0,0
948,0,0,-1.8,-61.92,25.78,0,0,0,0
949,0,0,-1.8,-61.5,26.69,0,0,0,0
950,0,0,-1.8,-60.51,26.6,0,0,0,0
951,0,0,-1.8,-59.52,26.42,0,0,0,0
952,0,0,-1.8,-58.55,26.2,0,0,0,0
953,0,0,-1.8,-57.58,25.94,0,0,0,0
954,0,0,-1.8,-56.63,25.65,0,0,0,0
955,0,0,-1.8,-55.67,25.34,0,0,0,0
956,0,0,-1.8,-54.73,25.02,0,0,0,0
957,0,0,-1.8,-53.79,24.68,0,0,0,0
958,0,0,-1.8,-52.85,24.33,0,0,0,0
959,0,0,-1.8,-51.92,23.97,0,0,0,0
960,0,0,-1.8,-50.99,23.6,0,0,0,0
961,0,0,-1.8,-50.06,23.22,0,0,0,0
962,0,0,-1.8,-49.14,22.84,0,0,0,0
963,0,0,-1.8,-48.22,22.45,0,0,0,0
964,0,0,-1.8,-47.3,22.06,0,0,0,0
965,0,0,-1.8,-46.38,21.66,0,0,0,0
966,0,0,-1.8,-45.46,21.26,0,0,0,0
967,0,0,-1.8,-44.55,20.85,0,0,0,0
968,0,0,-1.8,-43.64,20.45,0,0,0,0
969,0,0,-1.8,-42.72,20.04,0,0,0,0
970,0,0,-1.8,-41.81,19.63,0,0,0,0
971,0,0,-1.8,-40.9,19.21,0,0,0,0
972,0,0,-1.8,-39.99,18.8,0,0,0,0
973,0,0,-1.8,-39.08,18.39,0,0,0,0
974,0,0,-1.8,-38.17,17.98,0,0,0,0
975,0,0,-1.8,-37.26,17.57,0,0,0,0
976,0,0,-1.8,-36.46,16.97,0,0,0,0
977,0,0,-1.8,-35.6,16.45,0,0,0,0
978,0,0,-1.8,-34.69,16.04,0,0,0,0
979,0,0,-1.8,-33.72,15.81,0,0,0,0
980,0,0,-1.8,-32.72,15.83,0,0,0,0
981,0,0,-1.8,-31.77,16.14,0,0,0,0
982,0,0,-1.8,-30.93,16.7,0,0,0,0
983,0,0,-1.8,-30.24,17.42,0,0,0,0
984,0,0,-1.8,-29.69,18.25,0,0,0,0
985,0,0,-1.8,-29.23,19.14,0,0,0,0
986,0,0,-1.8,-28.83,20.06,0,0,0,0
987,0,0,-1.8,-28.44,20.98,0,0,0,0
988,0,0,-1.8,-28.05,21.9,0,0,0,0
989,0,0,-1.8,-27.65,22.82,0,0,0,0
990,0,0,-1.8,-27.26,23.73,0,0,0,0
991,0,0,-1.8,-26.86,24.65,0,0,0,0
992,0,0,-1.8,-26.47,25.57,0,0,0,0
993,0,0,-1.8,-26.07,26.49,0,0,0,0
994,0,0,-1.8,-25.68,27.41,0,0,0,0
995,0,0,-1.8,-25.28,28.33,0,0,0,0
996,0,0,-1.8,-24.89,29.25,0,0,0,0
997,0,0,-1.8,-24.5,30.17,0,0,0,0
998,0,0,-1.8,-24.1,31.09,0,0,0,0
999,0,0,-1.8,-23.71,32,0,0,0,0
1000,0,0,-1.8,-23.31,32.92,0,0,0,0
1001,0,0,-1.8,-22.92,33.84,0,0,0,0
1002,0,0,-1.8,-22.52,34.76,0,0,0,0
1003,0,0,-1.8,-22.13,35.68,0,0,0,0
1004,0,0,-1.8,-21.73,36.6,0,0,0,0
1005,0,0,-1.8,-21.34,37.52,0,0,0,0
1006,0,0,-1.8,-20.94,38.44,0,0,0,0
1007,0,0,-1.8,-20.55,39.36,0,0,0,0
1008,0,0,-1.8,-20.16,40.27,0,0,0,0
1009,0,0,-1.8,-19.76,41.19,0,0,0,0
1010,0,0,-1.8,-19.37,42.11,0,0,0,0
1011,0,0,-1.8,-18.97,43.03,0,0,0,0
1012,0,0,-1.8,-18.58,43.95,0,0,0,0
1013,0,0,-1.8,-18.18,44.87,0,0,0,0
1014,0,0,-1.8,-17.79,45.79,0,0,0,0
1015,0,0,-1.8,-17.39,46.71,0,0,0,0
1016,0,0,-1.8,-17,47.63,0,0,0,0
1017,0,0,-1.8,-16.61,48.54,0,0,0,0
1018,0,0,-1.8,-16.21,49.46,0,0,0,0
1019,0,0,-1.8,-15.82,50.38,0,0,0,0
1020,0,0,-1.8,-15.42,51.3,0,0,0,0
1021,0,0,-1.8,-15.03,52.22,0,0,0,0
1022,0,0,-1.8,-14.63,53.14,0,0,0,0
1023,0,0,-1.8,-14.24,54.06,0,0,0,0
1024,0,0,-1.8,-13.84,54.98,0,0,0,0
1025,0,0,-1.8,-13.45,55.9,0,0,0,0
1026,0,0,-1.8,-13.05,56.81,0,0,0,0
1027,0,0,-1.8,-12.66,57.73,0,0,0,0
1028,0,0,-1.8,-12.27,58.65,0,0,0,0
1029,0,0,-1.8,-11.87,59.57,0,0,0,0
1030,0,0,-1.8,-11.48,60.49,0,0,0,0
1031,0,0,-1.8,-11.08,61.41,0,0,0,0
1032,0,0,-1.8,-10.69,62.33,0,0,0,0
1033,0,0,-1.8,-10.29,63.25,0,0,0,0
1034,0,0,-1.8,-9.9,64.17,0,0,0,0
1035,0,0,-1.8,-9.5,65.08,0,0,0,0
1036,0,0,-1.8,-9.11,66,0,0,0,0
1037,0,0,-1.8,-8.72,66.92,0,0,0,0
1038,0,0,-1.8,-8.32,67.84,0,0,0,0
1039,0,0,-1.8,-7.36,67.55,0,0,0,0
1040,0,0,-1.8,-6.4,67.27,0,0,0,0
1041,0,0,-1.8,-5.45,66.98,0,0,0,0
1042,0,0,-1.8,-4.49,66.69,0,0,0,0
1043,0,0,-1.8,-3.53,66.41,0,0,0,0
1044,0,0,-1.8,-2.57,66.12,0,0,0,0
1045,0,0,-1.8,-1.61,65.83,0,0,0,0
1046,0,0,-1.8,-0.66,65.55,0,0,0,0
1047,0,0,-1.8,0.3,65.26,0,0,0,0
1048,0,0,-1.8,1.26,64.97,0,0,0,0
1049,0,0,-1.8,2.22,64.69,0,0,0,0
1050,0,0,-1.8,3.18,64.4,0,0,0,0
1051,0,0,-1.8,4.13,64.11,0,0,0,0
1052,0,0,-1.8,5.09,63.83,0,0,0,0
1053,0,0,-1.8,6.05,63.54,0,0,0,0
1054,0,0,-1.8,7.01,63.25,0,0,0,0
1055,0,0,-1.8,7.97,62.97,0,0,0,0
1056,0,0,-1.8,8.92,62.68,0,0,0,0
1057,0,0,-1.8,9.88,62.39,0,0,0,0
1058,0,0,-1.8,10.84,62.11,0,0,0,0
1059,0,0,-1.8,11.8,61.82,0,0,0,0
1060,0,0,-1.8,12.76,61.53,0,0,0,0
1061,0,0,-1.8,13.71,61.25,0,0,0,0
1062,0,0,-1.8,14.67,60.96,0,0,0,0
1063,0,0,-1.8,15.63,60.67,0,0,0,0
1064,0,0,-1.8,16.59,60.39,0,0,0,0
1065,0,0,-1.8,17.55,60.1,0,0,0,0
1066,0,0,-1.8,18.5,59.81,0,0,0,0
1067,0,0,-1.8,19.46,59.53,0,0,0,0
1068,0,0,-1.8,20.42,59.24,0,0,0,0
1069,0,0,-1.8,21.38,58.95,0,0,0,0
1070,0,0,-1.8,22.34,58.67,0,0,0,0
1071,0,0,-1.8,23.29,58.38,0,0,0,0
1072,0,0,-1.8,24.25,58.09,0,0,0,0
1073,0,0,-1.8,25.21,57.81,0,0,0,0
1074,0,0,-1.8,26.17,57.52,0,0,0,0
1075,0,0,-1.8,27.09,57.13,0,0,0,0
1076,0,0,-1.8,28.01,56.74,0,0,0,0
1077,0,0,-1.8,28.93,56.35,0,0,0,0
1078,0,0,-1.8,29.85,55.96,0,0,0,0
1079,0,0,-1.8,30.77,55.56,0,0,0,0
1080,0,0,-1.8,31.69,55.17,0,0,0,0
1081,0,0,-1.8,32.61,54.78,0,0,0,0
1082,0,0,-1.8,33.53,54.39,0,0,0,0
1083,0,0,-1.8,34.45,54,0,0,0,0
1084,0,0,-1.8,35.37,53.61,0,0,0,0
1085,0,0,-1.8,36.29,53.22,0,0,0,0
1086,0,0,-1.8,37.21,52.83,0,0,0,0
1087,0,0,-1.8,38.13,52.44,0,0,0,0
1088,0,0,-1.8,39.05,52.05,0,0,0,0
1089,0,0,-1.8,39.97,51.66,0,0,0,0
1090,0,0,-1.8,40.9,51.27,0,0,0,0
1091,0,0,-1.8,41.82,50.87,0,0,0,0
1092,0,0,-1.8,42.74,50.48,0,0,0,0
1093,0,0,-1.8,43.66,50.09,0,0,0,0
1094,0,0,-1.8,44.58,49.7,0,0,0,0
1095,0,0,-1.8,45.5,49.31,0,0,0,0
1096,0,0,-1.8,46.42,48.92,0,0,0,0
1097,0,0,-1.8,47.34,48.53,0,0,0,0
1098,0,0,-1.8,48.26,48.14,0,0,0,0
1099,0,0,-1.8,49.18,47.75,0,0,0,0
1100,0,0,-1.8,50.1,47.36,0,0,0,0
1101,0,0,-1.8,51.02,46.97,0,0,0,0
1102,0,0,-1.8,51.94,46.58,0,0,0,0
1103,0,0,-1.8,52.86,46.18,0,0,0,0
1104,0,0,-1.8,53.78,45.79,0,0,0,0
1105,0,0,-1.8,54.7,45.4,0,0,0,0
1106,0,0,-1.8,55.62,45.01,0,0,0,0
1107,0,0,-1.8,56.54,44.62,0,0,0,0
1108,0,0,-1.8,57.46,44.23,0,0,0,0
1109,0,0,-1.8,58.38,43.84,0,0,0,0
1110,0,0,-1.8,59.3,43.45,0,0,0,0
1111,0,0,-1.8,58.95,42.52,0,0,0,0
1112,0,0,-1.8,58.59,41.58,0,0,0,0
1113,0,0,-1.8,58.23,40.65,0,0,0,0
1114,0,0,-1.8,57.87,39.72,0,0,0,0
1115,0,0,-1.8,57.51,38.78,0,0,0,0
1116,0,0,-1.8,57.15,37.85,0,0,0,0
1117,0,0,-1.8,56.79,36.92,0,0,0,0
1118,0,0,-1.8,56.43,35.98,0,0,0,0
1119,0,0,-1.8,56.07,35.05,0,0,0,0
1120,0,0,-1.8,55.71,34.12,0,0,0,0
1121,0,0,-1.8,55.35,33.18,0,0,0,0
1122,0,0,-1.8,54.99,32.25,0,0,0,0
1123,0,0,-1.8,54.63,31.32,0,0,0,0
1124,0,0,-1.8,54.27,30.38,0,0,0,0
1125,0,0,-1.8,53.91,29.45,0,0,0,0
1126,0,0,-1.8,53.55,28.52,0,0,0,0
1127,0,0,-1.8,53.2,27.58,0,0,0,0
1128,0,0,-1.8,52.84,26.65,0,0,0,0
1129,0,0,-1.8,52.48,25.72,0,0,0,0
1130,0,0,-1.8,52.12,24.78,0,0,0,0
1131,0,0,-1.8,51.76,23.85,0,0,0,0
1132,0,0,-1.8,51.4,22.92,0,0,0,0
1133,0,0,-1.8,50.65,22.26,0,0,0,0
1134,0,0,-1.8,49.9,21.59,0,0,0,0
1135,0,0,-1.8,49.15,20.93,0,0,0,0
1136,0,0,-1.8,48.4,20.27,0,0,0,0
1137,0,0,-1.8,47.65,19.61,0,0,0,0
1138,0,0,-1.8,46.9,18.94,0,0,0,0
1139,0,0,-1.8,46.16,18.28,0,0,0,0
1140,0,0,-1.8,45.41,17.62,0,0,0,0
1141,0,0,-1.8,44.66,16.96,0,0,0,0
1142,0,0,-1.8,43.91,16.29,0,0,0,0
1143,0,0,-1.8,43.16,15.63,0,0,0,0
1144,0,0,-1.8,42.41,14.97,0,0,0,0
1145,0,0,-1.8,41.66,14.31,0,0,0,0
1146,0,0,-1.8,40.91,13.64,0,0,0,0
1147,0,0,-1.8,40.16,12.98,0,0,0,0
1148,0,0,-1.8,39.41,12.32,0,0,0,0
1149,0,0,-1.8,38.66,11.66,0,0,0,0
1150,0,0,-1.8,37.92,10.99,0,0,0,0
1151,0,0,-1.8,37.17,10.33,0,0,0,0
1152,0,0,-1.8,36.42,9.67,0,0,0,0
1153,0,0,-1.8,35.67,9.01,0,0,0,0
1154,0,0,-1.8,34.92,8.34,0,0,0,0
1155,0,0,-1.8,34.13,8.96,0,0,0,0
1156,0,0,-1.8,33.34,9.57,0,0,0,0
1157,0,0,-1.8,32.55,10.19,0,0,0,0
1158,0,0,-1.8,31.77,10.8,0,0,0,0
1159,0,0,-1.8,30.98,11.42,0,0,0,0
1160,0,0,-1.8,30.19,12.04,0,0,0,0
1161,0,0,-1.8,29.4,12.65,0,0,0,0
1162,0,0,-1.8,28.61,13.27,0,0,0,0
1163,0,0,-1.8,27.82,13.88,0,0,0,0
1164,0,0,-1.8,27.04,14.5,0,0,0,0
1165,0,0,-1.8,26.25,15.11,0,0,0,0
1166,0,0,-1.8,25.46,15.73,0,0,0,0
1167,0,0,-1.8,24.67,16.34,0,0,0,0
1168,0,0,-1.8,23.88,16.96,0,0,0,0
1169,0,0,-1.8,23.09,17.57,0,0,0,0
1170,0,0,-1.8,22.22,18.05,0,0,0,0
1171,0,0,-1.8,21.29,18.44,0,0,0,0
1172,0,0,-1.8,20.34,18.73,0,0,0,0
1173,0,0,-1.8,19.36,18.94,0,0,0,0
1174,0,0,-1.8,18.37,19.05,0,0,0,0
1175,0,0,-1.8,17.37,19.07,0,0,0,0
1176,0,0,-1.8,16.37,19,0,0,0,0
1177,0,0,-1.8,15.38,18.82,0,0,0,0
1178,0,0,-1.8,14.42,18.55,0,0,0,0
1179,0,0,-1.8,13.49,18.18,0,0,0,0
1180,0,0,-1.8,12.62,17.7,0,0,0,0
1181,0,0,-1.8,11.81,17.11,0,0,0,0
1182,0,0,-1.8,11.08,16.42,0,0,0,0
1183,0,0,-1.8,10.71,15.49,0,0,0,0
1184,0,0,-1.8,10.34,14.56,0,0,0,0
1185,0,0,-1.8,9.98,13.63,0,0,0,0
1186,0,0,-1.8,9.61,12.7,0,0,0,0
1187,0,0,-1.8,9.24,11.77,0,0,0,0
1188,0,0,-1.8,8.87,10.85,0,0,0,0
1189,0,0,-1.8,8.5,9.92,0,0,0,0
1190,0,0,-1.8,8.13,8.99,0,0,0,0
1191,0,0,-1.8,7.76,8.06,0,0,0,0
1192,0,0,-1.8,7.39,7.13,0,0,0,0
1193,0,0,-1.8,7.02,6.2,0,0,0,0
1194,0,0,-1.8,6.65,5.27,0,0,0,0
1195,0,0,-1.8,6.28,4.34,0,0,0,0
1196,0,0,-1.8,5.92,3.41,0,0,0,0
1197,0,0,-1.8,5.55,2.48,0,0,0,0
1198,0,0,-1.8,5.18,1.55,0,0,0,0
1199,0,0,-1.8,4.81,0.62,0,0,0,0
1200,0,0,-1.8,4.44,-0.31,0,0,0,0
1201,0,0,-1.8,4.07,-1.24,0,0,0,0
1202,0,0,-1.8,3.7,-2.17,0,0,0,0
1203,0,0,-1.8,3.33,-3.1,0,0,0,0
1204,0,0,-1.8,2.96,-4.03,0,0,0,0
1205,0,0,-1.8,2.59,-4.95,0,0,0,0
1206,0,0,-1.8,2.22,-5.88,0,0,0,0
1207,0,0,-1.8,1.86,-6.81,0,0,0,0
1208,0,0,-1.8,1.49,-7.74,0,0,0,0
1209,0,0,-1.8,1.12,-8.67,0,0,0,0
1210,0,0,-1.8,0.75,-9.6,0,0,0,0
1211,0,0,-1.8,0.38,-10.53,0,0,0,0
1212,0,0,-1.8,0.01,-11.46,0,0,0,0
1213,0,0,-1.8,-0.36,-12.39,0,0,0,0
1214,0,0,-1.8,-0.73,-13.32,0,0,0,0
1215,0,0,-1.8,-1.1,-14.25,0,0,0,0
1216,0,0,-1.8,-1.47,-15.18,0,0,0,0
1217,0,0,-1.8,-1.83,-16.11,0,0,0,0
1218,0,0,-1.8,-2.2,-17.04,0,0,0,0
1219,0,0,-1.8,-2.57,-17.97,0,0,0,0
1220,0,0,-1.8,-2.94,-18.9,0,0,0,0
1221,0,0,-1.8,-3.31,-19.82,0,0,0,0
1222,0,0,-1.8,-3.68,-20.75,0,0,0,0
1223,0,0,-1.8,-4.05,-21.68,0,0,0,0
1224,0,0,-1.8,-4.42,-22.61,0,0,0,0
1225,0,0,-1.8,-4.79,-23.54,0,0,0,0
1226,0,0,-1.8,-5.16,-24.47,0,0,0,0
1227,0,0,-1.8,-5.53,-25.4,0,0,0,0
1228,0,0,-1.8,-5.89,-26.33,0,0,0,0
1229,0,0,-1.8,-6.26,-27.26,0,0,0,0
1230,0,0,-1.8,-6.63,-28.19,0,0,0,0
1231,0,0,-1.8,-7,-29.12,0,0,0,0
1232,0,0,-1.8,-7.37,-30.05,0,0,0,0
1233,0,0,-1.8,-7.74,-30.98,0,0,0,0
1234,0,0,-1.8,-8.11,-31.91,0,0,0,0
1235,0,0,-1.8,-8.48,-32.84,0,0,0,0
1236,0,0,-1.8,-8.85,-33.77,0,0,0,0
1237,0,0,-1.8,-9.22,-34.7,0,0,0,0
1238,0,0,-1.8,-9.59,-35.62,0,0,0,0
1239,0,0,-1.8,-9.95,-36.55,0,0,0,0
1240,0,0,-1.8,-10.32,-37.48,0,0,0,0
1241,0,0,-1.8,-10.69,-38.41,0,0,0,0
1242,0,0,-1.8,-11.06,-39.34,0,0,0,0
1243,0,0,-1.8,-11.43,-40.27,0,0,0,0
1244,0,0,-1.8,-11.8,-41.2,0,0,0,0
1245,0,0,-1.8,-12.17,-42.13,0,0,0,0
1246,0,0,-1.8,-12.54,-43.06,0,0,0,0
1247,0,0,-1.8,-12.91,-43.99,0,0,0,0
1248,0,0,-1.8,-13.28,-44.92,0,0,0,0
1249,0,0,-1.8,-13.64,-45.85,0,0,0,0
1250,0,0,-1.8,-14.01,-46.78,0,0,0,0
1251,0,0,-1.8,-14.38,-47.71,0,0,0,0
1252,0,0,-1.8,-14.75,-48.64,0,0,0,0
1253,0,0,-1.8,-15.12,-49.57,0,0,0,0
1254,0,0,-1.8,-15.49,-50.5,0,0,0,0
1255,0,0,-1.8,-15.86,-51.42,0,0,0,0
1256,0,0,-1.8,-16.23,-52.35,0,0,0,0
1257,0,0,-1.8,-16.6,-53.28,0,0,0,0
1258,0,0,-1.8,-16.88,-53.99,0,0,0,0
1259,0,0,-1.8,-74.75,-17.31,0,0,0,0
1260,0,0,-1.8,-74.97,-18.29,0,0,0,0
1261,0,0,-1.8,-75.08,-19.28,0,0,0,0
1262,0,0,-1.8,-75.02,-20.28,0,0,0,0
1263,0,0,-1.8,-74.79,-21.25,0,0,0,0
1264,0,0,-1.8,-74.35,-22.15,0,0,0,0
1265,0,0,-1.8,-73.74,-22.94,0,0,0,0
1266,0,0,-1.8,-73.02,-23.64,0,0,0,0
1267,0,0,-1.8,-72.23,-24.25,0,0,0,0
1268,0,0,-1.8,-71.24,-24.14,0,0,0,0
1269,0,0,-1.8,-70.24,-24.17,0,0,0,0
1270,0,0,-1.8,-69.25,-24.34,0,0,0,0
1271,0,0,-1.8,-68.29,-24.63,0,0,0,0
1272,0,0,-1.8,-67.37,-25.02,0,0,0,0
1273,0,0,-1.8,-66.49,-25.48,0,0,0,0
1274,0,0,-1.8,-65.64,-26.01,0,0,0,0
1275,0,0,-1.8,-64.82,-26.58,0,0,0,0
1276,0,0,-1.8,-64.02,-27.19,0,0,0,0
1277,0,0,-1.8,-63.25,-27.82,0,0,0,0
1278,0,0,-1.8,-62.5,-28.48,0,0,0,0
1279,0,0,-1.8,-61.79,-29.13,0,0,0,0
1280,0,0,-1.8,-60.86,-29.52,0,0,0,0
1281,0,0,-1.8,-59.94,-29.91,0,0,0,0
1282,0,0,-1.8,-59.02,-30.29,0,0,0,0
1283,0,0,-1.8,-58.1,-30.68,0,0,0,0
1284,0,0,-1.8,-57.17,-31.06,0,0,0,0
1285,0,0,-1.8,-56.25,-31.45,0,0,0,0
1286,0,0,-1.8,-55.33,-31.84,0,0,0,0
1287,0,0,-1.8,-54.41,-32.22,0,0,0,0
1288,0,0,-1.8,-53.48,-32.61,0,0,0,0
1289,0,0,-1.8,-52.56,-32.99,0,0,0,0
1290,0,0,-1.8,-51.64,-33.38,0,0,0,0
1291,0,0,-1.8,-50.72,-33.77,0,0,0,0
1292,0,0,-1.8,-49.79,-34.15,0,0,0,0
1293,0,0,-1.8,-48.87,-34.54,0,0,0,0
1294,0,0,-1.8,-47.95,-34.92,0,0,0,0
1295,0,0,-1.8,-47.03,-35.31,0,0,0,0
1296,0,0,-1.8,-46.1,-35.7,0,0,0,0
1297,0,0,-1.8,-45.18,-36.08,0,0,0,0
1298,0,0,-1.8,-44.26,-36.47,0,0,0,0
1299,0,0,-1.8,-43.34,-36.85,0,0,0,0
1300,0,0,-1.8,-42.41,-37.24,0,0,0,0
1301,0,0,-1.8,-41.49,-37.63,0,0,0,0
1302,0,0,-1.8,-40.57,-38.01,0,0,0,0
1303,0,0,-1.8,-39.65,-38.4,0,0,0,0
1304,0,0,-1.8,-38.72,-38.78,0,0,0,0
1305,0,0,-1.8,-37.8,-39.17,0,0,0,0
1306,0,0,-1.8,-36.88,-39.56,0,0,0,0
1307,0,0,-1.8,-35.89,-39.68,0,0,0,0
1308,0,0,-1.8,-34.9,-39.82,0,0,0,0
1309,0,0,-1.8,-33.91,-39.99,0,0,0,0
1310,0,0,-1.8,-32.93,-40.19,0,0,0,0
1311,0,0,-1.8,-31.96,-40.42,0,0,0,0
1312,0,0,-1.8,-31,-40.69,0,0,0,0
1313,0,0,-1.8,-30.05,-41.01,0,0,0,0
1314,0,0,-1.8,-29.12,-41.37,0,0,0,0
1315,0,0,-1.8,-28.2,-41.77,0,0,0,0
1316,0,0,-1.8,-27.3,-42.2,0,0,0,0
1317,0,0,-1.8,-26.4,-42.64,0,0,0,0
1318,0,0,-1.8,-25.5,-43.09,0,0,0,0
1319,0,0,-1.8,-24.63,-43.51,0,0,0,0
1320,0,0,-1.8,-23.64,-43.36,0,0,0,0
1321,0,0,-1.8,-22.68,-43.09,0,0,0,0
1322,0,0,-1.8,-21.77,-42.68,0,0,0,0
1323,0,0,-1.8,-20.93,-42.14,0,0,0,0
1324,0,0,-1.8,-20.18,-41.48,0,0,0,0
1325,0,0,-1.8,-19.54,-40.71,0,0,0,0
1326,0,0,-1.8,-19.12,-40.04,0,0,0,0
1327,0,0,-1.8,-18.7,-39.13,0,0,0,0
1328,0,0,-1.8,-18.4,-38.47,0,0,0,0
1329,0,0,-1.8,-18.04,-37.54,0,0,0,0
1330,0,0,-1.8,-17.68,-36.6,0,0,0,0
1331,0,0,-1.8,-17.32,-35.67,0,0,0,0
1332,0,0,-1.8,-16.96,-34.74,0,0,0,0
1333,0,0,-1.8,-16.6,-33.8,0,0,0,0
1334,0,0,-1.8,-16.24,-32.87,0,0,0,0
1335,0,0,-1.8,-15.88,-31.94,0,0,0,0
1336,0,0,-1.8,-15.52,-31,0,0,0,0
1337,0,0,-1.8,-15.17,-30.07,0,0,0,0
1338,0,0,-1.8,-14.81,-29.14,0,0,0,0
1339,0,0,-1.8,-14.45,-28.2,0,0,0,0
1340,0,0,-1.8,-14.09,-27.27,0,0,0,0
1341,0,0,-1.8,-13.73,-26.34,0,0,0,0
1342,0,0,-1.8,-13.37,-25.4,0,0,0,0
1343,0,0,-1.8,-13.01,-24.47,0,0,0,0
1344,0,0,-1.8,-12.65,-23.54,0,0,0,0
1345,0,0,-1.8,-12.29,-22.6,0,0,0,0
1346,0,0,-1.8,-11.94,-21.67,0,0,0,0
1347,0,0,-1.8,-11.58,-20.74,0,0,0,0
1348,0,0,-1.8,-11.22,-19.8,0,0,0,0
1349,0,0,-1.8,-10.86,-18.87,0,0,0,0
1350,0,0,-1.8,-10.5,-17.94,0,0,0,0
1351,0,0,-1.8,-10.14,-17,0,0,0,0
1352,0,0,-1.8,-9.78,-16.07,0,0,0,0
1353,0,0,-1.8,-9.42,-15.14,0,0,0,0
1354,0,0,-1.8,-9.06,-14.2,0,0,0,0
1355,0,0,-1.8,-8.71,-13.27,0,0,0,0
1356,0,0,-1.8,-8.35,-12.34,0,0,0,0
1357,0,0,-1.8,-7.99,-11.4,0,0,0,0
1358,0,0,-1.8,-7.63,-10.47,0,0,0,0
1359,0,0,-1.8,-7.27,-9.54,0,0,0,0
1360,0,0,-1.8,-6.91,-8.6,0,0,0,0
1361,0,0,-1.8,-6.55,-7.67,0,0,0,0
1362,0,0,-1.8,-6.19,-6.74,0,0,0,0
1363,0,0,-1.8,-5.83,-5.8,0,0,0,0
1364,0,0,-1.8,-5.59,-4.83,0,0,0,0
1365,0,0,-1.81,-5.6,-3.83,0,0,0,0
1366,0,0,-1.82,-5.91,-2.88,0,0,0,0
1367,0,0,-1.84,-6.46,-2.05,0,0,0,0
1368,0,0,-1.85,-7.19,-1.36,0,0,0,0
1369,0,0,-1.87,-8.01,-0.79,0,0,0,0
1370,0,0,-1.88,-8.88,-0.3,0,0,0,0
1371,0,0,-1.89,-9.79,0.12,0,0,0,0
1372,0,0,-1.9,-10.71,0.51,0,0,0,0
1373,0,0,-1.9,-11.65,0.86,0,0,0,0
1374,0,0,-1.9,-12.59,1.19,0,0,0,0
1375,0,0,-1.89,-13.53,1.53,0,0,0,0
1376,0,0,-1.88,-14.47,1.87,0,0,0,0
1377,0,0,-1.85,-15.39,2.27,0,0,0,0
1378,0,0,-1.85,-16.31,2.66,0,0,0,0
1379,0,0,-1.85,-17.23,3.05,0,0,0,0
1380,0,0,-1.85,-18.15,3.44,0,0,0,0
1381,0,0,-1.85,-19.07,3.83,0,0,0,0
1382,0,0,-1.84,-19.99,4.22,0,0,0,0
1383,0,0,-1.84,-20.91,4.61,0,0,0,0
1384,0,0,-1.84,-21.83,5,0,0,0,0
1385,0,0,-1.84,-22.75,5.39,0,0,0,0
1386,0,0,-1.84,-23.67,5.78,0,0,0,0
1387,0,0,-1.84,-24.59,6.18,0,0,0,0
1388,0,0,-1.84,-25.51,6.57,0,0,0,0
1389,0,0,-1.84,-26.43,6.96,0,0,0,0
1390,0,0,-1.84,-27.35,7.35,0,0,0,0
1391,0,0,-1.83,-28.27,7.74,0,0,0,0
1392,0,0,-1.83,-29.19,8.13,0,0,0,0
1393,0,0,-1.83,-30.11,8.52,0,0,0,0
1394,0,0,-1.83,-31.03,8.91,0,0,0,0
1395,0,0,-1.83,-31.95,9.3,0,0,0,0
1396,0,0,-1.83,-32.87,9.7,0,0,0,0
1397,0,0,-1.83,-33.8,10.09,0,0,0,0
1398,0,0,-1.83,-34.72,10.48,0,0,0,0
1399,0,0,-1.82,-35.64,10.87,0,0,0,0
1400,0,0,-1.82,-36.56,11.26,0,0,0,0
1401,0,0,-1.82,-37.48,11.65,0,0,0,0
1402,0,0,-1.82,-38.4,12.04,0,0,0,0
1403,0,0,-1.82,-39.32,12.43,0,0,0,0
1404,0,0,-1.82,-40.24,12.82,0,0,0,0
1405,0,0,-1.82,-41.16,13.21,0,0,0,0
1406,0,0,-1.82,-42.08,13.61,0,0,0,0
1407,0,0,-1.82,-43,14,0,0,0,0
1408,0,0,-1.81,-43.92,14.39,0,0,0,0
1409,0,0,-1.81,-44.84,14.78,0,0,0,0
1410,0,0,-1.81,-45.76,15.17,0,0,0,0
1411,0,0,-1.81,-46.68,15.56,0,0,0,0
1412,0,0,-1.81,-47.6,15.95,0,0,0,0
1413,0,0,-1.81,-48.52,16.34,0,0,0,0
1414,0,0,-1.81,-49.44,16.73,0,0,0,0
1415,0,0,-1.81,-50.38,17.09,0,0,0,0
1416,0,0,-1.81,-51.32,17.41,0,0,0,0
1417,0,0,-1.81,-52.29,17.68,0,0,0,0
1418,0,0,-1.81,-53.26,17.89,0,0,0,0
1419,0,0,-1.81,-54.26,18,0,0,0,0
1420,0,0,-1.8,-55.26,18.01,0,0,0,0
1421,0,0,-1.8,-56.25,17.87,0,0,0,0
1422,0,0,-1.8,-57.2,17.57,0,0,0,0
1423,0,0,-1.8,-58.09,17.11,0,0,0,0
1424,0,0,-1.8,-58.89,16.51,0,0,0,0
1425,0,0,-1.8,-59.6,15.81,0,0,0,0
1426,0,0,-1.8,-60.23,15.03,0,0,0,0
1427,0,0,-1.8,-60.79,14.2,0,0,0,0
1428,0,0,-1.8,-60.84,14.13,0,0,0,0
1429,0,0,-1.8,-61.25,13.21,0,0,0,0
1430,0,0,-1.8,-61.65,12.3,0,0,0,0
1431,0,0,-1.8,-62.06,11.38,0,0,0,0
1432,0,0,-1.8,-62.46,10.47,0,0,0,0
1433,0,0,-1.8,-62.87,9.55,0,0,0,0
1434,0,0,-1.8,-63.27,8.64,0,0,0,0
1435,0,0,-1.8,-63.67,7.73,0,0,0,0
1436,0,0,-1.8,-64.08,6.81,0,0,0,0
1437,0,0,-1.8,-64.48,5.9,0,0,0,0
1438,0,0,-1.8,-64.89,4.98,0,0,0,0
1439,0,0,-1.8,-65.29,4.07,0,0,0,0
1440,0,0,-1.8,-65.7,3.15,0,0,0,0
1441,0,0,-1.8,-66.1,2.24,0,0,0,0
1442,0,0,-1.8,-66.51,1.32,0,0,0,0
1443,0,0,-1.8,-66.91,0.41,0,0,0,0
1444,0,0,-1.8,-67.32,-0.5,0,0,0,0
1445,0,0,-1.8,-67.72,-1.42,0,0,0,0
1446,0,0,-1.8,-68.12,-2.33,0,0,0,0
1447,0,0,-1.8,-68.53,-3.25,0,0,0,0
1448,0,0,-1.8,-68.93,-4.16,0,0,0,0
1449,0,0,-1.8,-69.34,-5.08,0,0,0,0
1450,0,0,-1.8,-69.74,-5.99,0,0,0,0
1451,0,0,-1.8,-70.15,-6.91,0,0,0,0
1452,0,0,-1.8,-70.55,-7.82,0,0,0,0
1453,0,0,-1.8,-70.96,-8.74,0,0,0,0
1454,0,0,-1.8,-71.36,-9.65,0,0,0,0
1455,0,0,-1.8,-71.77,-10.56,0,0,0,0
1456,0,0,-1.8,-72.17,-11.48,0,0,0,0
1457,0,0,-1.8,-72.57,-12.39,0,0,0,0
1458,0,0,-1.8,-72.98,-13.31,0,0,0,0
1459,0,0,-1.8,-73.38,-14.22,0,0,0,0
1460,0,0,-1.8,-73.79,-15.14,0,0,0,0
1461,0,0,-1.8,-74.19,-16.05,0,0,0,0
1462,0,0,-1.8,-74.6,-16.97,0,0,0,0
1463,0,0,-1.8,-74.75,-17.31,0,0,0,0
1464,0,0,-1.8,-0.84,7.24,0,0,0,0
1465,0,0,-1.8,-0.5,8.18,0,0,0,0
1466,0,0,-1.8,-0.16,9.12,0,0,0,0
1467,0,0,-1.8,0.18,10.06,0,0,0,0
1468,0,0,-1.8,0.52,11,0,0,0,0
1469,0,0,-1.8,0.86,11.94,0,0,0,0
1470,0,0,-1.8,1.2,12.88,0,0,0,0
1471,0,0,-1.8,1.55,13.82,0,0,0,0
1472,0,0,-1.8,1.89,14.76,0,0,0,0
1473,0,0,-1.8,2.23,15.7,0,0,0,0
1474,0,0,-1.8,2.57,16.64,0,0,0,0
1475,0,0,-1.8,2.91,17.58,0,0,0,0
1476,0,0,-1.8,3.25,18.52,0,0,0,0
1477,0,0,-1.8,3.59,19.46,0,0,0,0
1478,0,0,-1.8,3.93,20.4,0,0,0,0
1479,0,0,-1.8,4.28,21.34,0,0,0,0
1480,0,0,-1.8,4.62,22.28,0,0,0,0
1481,0,0,-1.8,4.96,23.22,0,0,0,0
1482,0,0,-1.8,5.3,24.16,0,0,0,0
1483,0,0,-1.8,5.64,25.1,0,0,0,0
1484,0,0,-1.8,5.98,26.04,0,0,0,0
1485,0,0,-1.8,6.32,26.98,0,0,0,0
1486,0,0,-1.8,6.66,27.92,0,0,0,0
1487,0,0,-1.8,7,28.86,0,0,0,0
1488,0,0,-1.8,7.35,29.8,0,0,0,0
1489,0,0,-1.8,7.69,30.74,0,0,0,0
1490,0,0,-1.8,8.03,31.68,0,0,0,0
1491,0,0,-1.8,8.37,32.62,0,0,0,0
1492,0,0,-1.8,8.71,33.56,0,0,0,0
1493,0,0,-1.8,9.05,34.5,0,0,0,0
1494,0,0,-1.8,9.39,35.44,0,0,0,0
1495,0,0,-1.8,9.73,36.38,0,0,0,0
1496,0,0,-1.8,10.07,37.32,0,0,0,0
1497,0,0,-1.8,10.42,38.26,0,0,0,0
1498,0,0,-1.8,10.76,39.2,0,0,0,0
1499,0,0,-1.8,11.1,40.14,0,0,0,0
1500,0,0,-1.8,11.44,41.08,0,0,0,0
1501,0,0,-1.8,11.78,42.02,0,0,0,0
1502,0,0,-1.8,12.12,42.96,0,0,0,0
1503,0,0,-1.8,12.46,43.9,0,0,0,0
1504,0,0,-1.8,12.8,44.84,0,0,0,0
1505,0,0,-1.8,12.96,45.83,0,0,0,0
1506,0,0,-1.8,13.03,46.83,0,0,0,0
1507,0,0,-1.8,12.98,47.83,0,0,0,0
1508,0,0,-1.8,12.81,48.81,0,0,0,0
1509,0,0,-1.8,12.49,49.76,0,0,0,0
1510,0,0,-1.8,12.04,50.65,0,0,0,0
1511,0,0,-1.8,11.46,51.47,0,0,0,0
1512,0,0,-1.8,10.78,52.2,0,0,0,0
1513,0,0,-1.8,10.01,52.84,0,0,0,0
1514,0,0,-1.8,9.18,53.39,0,0,0,0
1515,0,0,-1.8,8.31,53.88,0,0,0,0
1516,0,0,-1.8,7.4,54.3,0,0,0,0
1517,0,0,-1.8,6.47,54.67,0,0,0,0
1518,0,0,-1.8,5.52,54.99,0,0,0,0
1519,0,0,-1.8,4.56,55.28,0,0,0,0
1520,0,0,-1.8,3.6,55.53,0,0,0,0
1521,0,0,-1.8,2.62,55.75,0,0,0,0
1522,0,0,-1.8,1.64,55.95,0,0,0,0
1523,0,0,-1.8,0.66,56.12,0,0,0,0
1524,0,0,-1.8,-0.33,56.28,0,0,0,0
1525,0,0,-1.8,-1.32,56.43,0,0,0,0
1526,0,0,-1.8,-2.1,56.54,0,0,0,0
1527,0,0,-1.8,-3.06,56.26,0,0,0,0
1528,0,0,-1.8,-3.95,55.81,0,0,0,0
1529,0,0,-1.8,-4.76,55.21,0,0,0,0
1530,0,0,-1.8,-5.46,54.5,0,0,0,0
1531,0,0,-1.8,-6.09,53.73,0,0,0,0
1532,0,0,-1.8,-6.64,52.89,0,0,0,0
1533,0,0,-1.8,-7.14,52.02,0,0,0,0
1534,0,0,-1.8,-7.58,51.13,0,0,0,0
1535,0,0,-1.8,-7.97,50.21,0,0,0,0
1536,0,0,-1.8,-8.33,49.27,0,0,0,0
1537,0,0,-1.8,-8.73,48.35,0,0,0,0
1538,0,0,-1.8,-9.12,47.43,0,0,0,0
1539,0,0,-1.8,-9.51,46.51,0,0,0,0
1540,0,0,-1.8,-9.9,45.59,0,0,0,0
1541,0,0,-1.8,-10.29,44.67,0,0,0,0
1542,0,0,-1.8,-10.68,43.75,0,0,0,0
1543,0,0,-1.8,-11.07,42.83,0,0,0,0
1544,0,0,-1.8,-11.47,41.91,0,0,0,0
1545,0,0,-1.8,-11.86,40.99,0,0,0,0
1546,0,0,-1.8,-12.25,40.07,0,0,0,0
1547,0,0,-1.8,-12.64,39.15,0,0,0,0
1548,0,0,-1.8,-13.03,38.23,0,0,0,0
1549,0,0,-1.8,-13.42,37.31,0,0,0,0
1550,0,0,-1.8,-13.81,36.39,0,0,0,0
1551,0,0,-1.8,-14.2,35.47,0,0,0,0
1552,0,0,-1.8,-14.6,34.55,0,0,0,0
1553,0,0,-1.8,-14.99,33.63,0,0,0,0
1554,0,0,-1.8,-15.38,32.71,0,0,0,0
1555,0,0,-1.8,-15.77,31.79,0,0,0,0
1556,0,0,-1.8,-16.16,30.87,0,0,0,0
1557,0,0,-1.8,-16.55,29.95,0,0,0,0
1558,0,0,-1.8,-16.94,29.03,0,0,0,0
1559,0,0,-1.8,-17.33,28.11,0,0,0,0
1560,0,0,-1.8,-17.73,27.19,0,0,0,0
1561,0,0,-1.8,-18.12,26.27,0,0,0,0
1562,0,0,-1.8,-18.51,25.35,0,0,0,0
1563,0,0,-1.8,-18.9,24.43,0,0,0,0
1564,0,0,-1.8,-19.29,23.51,0,0,0,0
1565,0,0,-1.8,-19.68,22.59,0,0,0,0
1566,0,0,-1.8,-20.07,21.67,0,0,0,0
1567,0,0,-1.8,-20.47,20.75,0,0,0,0
1568,0,0,-1.8,-20.86,19.83,0,0,0,0
1569,0,0,-1.8,-21.25,18.91,0,0,0,0
1570,0,0,-1.8,-21.64,17.98,0,0,0,0
1571,0,0,-1.8,-21.95,17.04,0,0,0,0
1572,0,0,-1.8,-22.17,16.06,0,0,0,0
1573,0,0,-1.8,-22.25,15.06,0,0,0,0
1574,0,0,-1.8,-22.18,14.07,0,0,0,0
1575,0,0,-1.8,-21.96,13.09,0,0,0,0
1576,0,0,-1.8,-21.57,12.17,0,0,0,0
1577,0,0,-1.8,-21.04,11.32,0,0,0,0
1578,0,0,-1.8,-20.39,10.56,0,0,0,0
1579,0,0,-1.8,-19.66,9.88,0,0,0,0
1580,0,0,-1.8,-18.86,9.28,0,0,0,0
1581,0,0,-1.8,-17.91,8.95,0,0,0,0
1582,0,0,-1.8,-16.97,8.62,0,0,0,0
1583,0,0,-1.8,-16.03,8.28,0,0,0,0
1584,0,0,-1.8,-15.08,7.95,0,0,0,0
1585,0,0,-1.8,-14.14,7.62,0,0,0,0
1586,0,0,-1.8,-13.2,7.28,0,0,0,0
1587,0,0,-1.8,-12.26,6.95,0,0,0,0
1588,0,0,-1.8,-11.31,6.62,0,0,0,0
1589,0,0,-1.8,-10.37,6.29,0,0,0,0
1590,0,0,-1.8,-9.43,5.95,0,0,0,0
1591,0,0,-1.8,-8.48,5.62,0,0,0,0
1592,0,0,-1.8,-7.54,5.29,0,0,0,0
1593,0,0,-1.8,-6.55,5.19,0,0,0,0
1594,0,0,-1.8,-5.55,5.22,0,0,0,0
1595,0,0,-1.8,-4.55,5.33,0,0,0,0
1596,0,0,-1.8,-3.57,5.54,0,0,0,0
1597,0,0,-1.8,-2.63,5.86,0,0,0,0
1598,0,0,-1.8,-1.74,6.31,0,0,0,0
1599,0,0,-1.8,-1.01,7,0,0,0,0
1600,0,0,-1.8,-0.84,7.24,0,0,0,0
1601,0,0,-1.8,20.8,35.52,0,0,0,0
1602,0,0,-1.8,20.79,36.52,0,0,0,0
1603,0,0,-1.8,20.89,37.52,0,0,0,0
1604,0,0,-1.8,21.11,38.49,0,0,0,0
1605,0,0,-1.8,21.45,39.43,0,0,0,0
1606,0,0,-1.8,21.91,40.32,0,0,0,0
1607,0,0,-1.8,22.46,41.16,0,0,0,0
1608,0,0,-1.8,23.08,41.94,0,0,0,0
1609,0,0,-1.8,23.77,42.67,0,0,0,0
1610,0,0,-1.8,24.63,43.18,0,0,0,0
1611,0,0,-1.8,25.58,43.49,0,0,0,0
1612,0,0,-1.8,26.57,43.61,0,0,0,0
1613,0,0,-1.8,27.57,43.54,0,0,0,0
1614,0,0,-1.8,28.55,43.35,0,0,0,0
1615,0,0,-1.8,29.51,43.06,0,0,0,0
1616,0,0,-1.8,30.44,42.7,0,0,0,0
1617,0,0,-1.8,31.36,42.3,0,0,0,0
1618,0,0,-1.8,32.27,41.89,0,0,0,0
1619,0,0,-1.8,33.19,41.48,0,0,0,0
1620,0,0,-1.8,34.1,41.07,0,0,0,0
1621,0,0,-1.8,35.01,40.67,0,0,0,0
1622,0,0,-1.8,35.92,40.26,0,0,0,0
1623,0,0,-1.8,36.84,39.85,0,0,0,0
1624,0,0,-1.8,37.75,39.44,0,0,0,0
1625,0,0,-1.8,38.66,39.03,0,0,0,0
1626,0,0,-1.8,39.57,38.62,0,0,0,0
1627,0,0,-1.8,40.49,38.21,0,0,0,0
1628,0,0,-1.8,41.4,37.8,0,0,0,0
1629,0,0,-1.8,42.31,37.39,0,0,0,0
1630,0,0,-1.8,43,36.67,0,0,0,0
1631,0,0,-1.8,43.53,35.82,0,0,0,0
1632,0,0,-1.8,43.81,34.86,0,0,0,0
1633,0,0,-1.8,43.82,33.86,0,0,0,0
1634,0,0,-1.8,43.65,32.88,0,0,0,0
1635,0,0,-1.8,43.34,31.92,0,0,0,0
1636,0,0,-1.8,42.96,31,0,0,0,0
1637,0,0,-1.8,42.52,30.1,0,0,0,0
1638,0,0,-1.8,42.04,29.22,0,0,0,0
1639,0,0,-1.8,41.54,28.36,0,0,0,0
1640,0,0,-1.8,41.02,27.51,0,0,0,0
1641,0,0,-1.8,40.48,26.66,0,0,0,0
1642,0,0,-1.8,39.74,25.99,0,0,0,0
1643,0,0,-1.8,39,25.31,0,0,0,0
1644,0,0,-1.8,38.27,24.64,0,0,0,0
1645,0,0,-1.8,37.53,23.96,0,0,0,0
1646,0,0,-1.8,36.79,23.29,0,0,0,0
1647,0,0,-1.8,36.05,22.61,0,0,0,0
1648,0,0,-1.8,35.24,22.02,0,0,0,0
1649,0,0,-1.8,34.26,21.87,0,0,0,0
1650,0,0,-1.8,33.28,22.06,0,0,0,0
1651,0,0,-1.8,32.35,22.44,0,0,0,0
1652,0,0,-1.8,31.49,22.94,0,0,0,0
1653,0,0,-1.8,30.66,23.51,0,0,0,0
1654,0,0,-1.8,29.88,24.14,0,0,0,0
1655,0,0,-1.8,29.14,24.81,0,0,0,0
1656,0,0,-1.8,28.44,25.52,0,0,0,0
1657,0,0,-1.8,27.77,26.27,0,0,0,0
1658,0,0,-1.8,27.16,27.06,0,0,0,0
1659,0,0,-1.8,26.51,27.82,0,0,0,0
1660,0,0,-1.8,25.81,28.53,0,0,0,0
1661,0,0,-1.8,25.1,29.23,0,0,0,0
1662,0,0,-1.8,24.38,29.93,0,0,0,0
1663,0,0,-1.8,23.67,30.64,0,0,0,0
1664,0,0,-1.8,22.98,31.36,0,0,0,0
1665,0,0,-1.8,22.32,32.11,0,0,0,0
1666,0,0,-1.8,21.72,32.91,0,0,0,0
1667,0,0,-1.8,21.2,33.76,0,0,0,0
1668,0,0,-1.8,20.84,34.7,0,0,0,0
1669,0,0,-1.8,20.77,35.6,0,0,0,0
1670,0,0,0,5.93,19.79,0,0,0,0
1671,0,0,0,6.08,21.72,0,0,0,0
1672,0,0,0,11.78,21.02,0,0,0,0
1673,0,0,0,11.56,18.5,0,0,0,0
1674,0,0,0,5.93,19.79,0,0,0,0
