ID,LID,LinkID
1,310,0
2,311,0
3,312,0
4,313,0
5,314,0
6,315,0
7,316,0
8,317,0
9,318,0
10,319,0
11,320,0
12,321,0
13,322,0
14,323,0
15,324,0
16,325,0
17,326,0
18,327,0
19,328,0
20,329,0
21,330,0
22,331,0
23,332,0
24,333,0
25,334,0
26,335,0
27,336,0
28,337,0
29,338,0
30,339,0
31,340,0
32,341,0
33,342,0
34,343,0
35,344,0
36,345,0
37,346,0
38,347,0
39,348,0
40,349,0
41,350,0
42,351,0
43,352,0
44,353,0
45,354,0
46,355,0
47,356,0
48,357,0
49,358,0
50,359,0
51,360,0
52,361,0
53,362,0
54,363,0
55,364,0
56,365,0
57,366,0
58,367,0
59,368,0
60,369,0
61,370,0
62,371,0
63,372,0
64,373,0
65,374,0
66,375,0
67,376,0
68,377,0
69,378,0
70,379,0
71,380,0
72,381,0
73,382,0
74,383,0
75,384,0
76,385,0
77,386,0
78,387,0
79,388,0
80,389,0
81,390,0
82,391,0
83,392,0
84,393,0
85,394,0
86,395,0
87,396,0
88,397,0
89,398,0
90,399,0
91,400,0
92,401,0
93,402,0
94,403,0
95,404,0
96,405,0
97,406,0
98,407,0
99,408,0
100,409,0
101,410,0
102,411,0
103,412,0
104,413,0
105,414,0
106,415,0
107,416,0
108,417,0
109,418,0
110,419,0
111,420,0
112,421,0
113,422,0
114,423,0
115,424,0
116,425,0
117,426,0
118,427,0
119,428,0
120,429,0
121,430,0
122,431,0
123,432,0
124,433,0
125,434,0
126,435,0
127,436,0
128,437,0
129,438,0
130,439,0
131,440,0
132,441,0
133,442,0
134,443,0
135,444,0
136,445,0
137,446,0
138,447,0
139,448,0
140,449,0
141,450,0
142,451,0
143,452,0
144,453,0
145,454,0
146,455,0
147,456,0
148,457,0
149,458,0
150,459,0
151,460,0
152,461,0
153,462,0
154,463,0
155,464,0
156,465,0
157,466,0
158,467,0
159,468,0
160,469,0
161,470,0
162,471,0
163,472,0
164,473,0
165,474,0
166,475,0
167,476,0
168,477,0
169,478,0
170,479,0
171,480,0
172,481,0
173,482,0
174,483,0
175,484,0
176,485,0
177,486,0
178,487,0
179,488,0
180,489,0
181,490,0
182,491,0
183,492,0
184,493,0
185,494,0
186,495,0
187,496,0
188,497,0
189,498,0
190,499,0
191,500,0
192,501,0
193,502,0
194,503,0
195,504,0
196,505,0
197,506,0
198,507,0
199,508,0
200,509,0
201,510,0
202,511,0
203,512,0
204,513,0
205,514,0
206,515,0
207,516,0
208,517,0
209,518,0
210,519,0
211,520,0
212,521,0
213,522,0
214,523,0
215,524,0
216,525,0
217,526,0
218,527,0
219,528,0
220,529,0
221,530,0
222,531,0
223,532,0
224,533,0
225,534,0
226,535,0
227,536,0
228,537,0
229,538,0
230,539,0
231,540,0
232,541,0
233,542,0
234,543,0
235,544,0
236,545,0
237,546,0
238,547,0
239,548,0
240,549,0
241,550,0
242,551,0
243,552,0
244,553,0
245,554,0
246,555,0
247,556,0
248,557,0
249,558,0
250,559,0
251,560,0
252,561,0
253,562,0
254,563,0
255,564,0
256,565,0
257,566,0
258,567,0
259,568,0
260,569,0
261,570,0
262,571,0
263,572,0
264,573,0
265,574,0
266,575,0
267,576,0
268,577,0
269,578,0
270,579,0
271,580,0
272,581,0
273,582,0
274,583,0
275,584,0
276,585,0
277,586,0
278,587,0
279,588,0
280,589,0
281,590,0
282,591,0
283,592,0
284,593,0
285,594,0
286,595,0
287,596,0
288,597,0
289,598,0
290,599,0
291,600,0
292,601,0
293,602,0
294,603,0
295,604,0
296,605,0
297,606,0
298,607,0
299,608,0
300,609,0
301,610,0
302,611,0
303,612,0
304,613,0
305,614,0
306,615,0
307,616,0
308,617,0
309,618,0
310,619,0
311,620,0
312,621,0
313,622,0
314,623,0
315,624,0
316,625,0
317,626,0
318,627,0
319,628,0
320,629,0
321,630,0
322,631,0
323,632,0
324,633,0
325,634,0
326,635,0
327,636,0
328,637,0
329,638,0
330,639,0
331,640,0
332,641,0
333,642,0
334,643,0
335,644,0
336,645,0
337,646,0
338,647,0
339,648,0
340,649,0
341,650,0
342,651,0
343,652,0
344,653,0
345,654,0
346,655,0
347,656,0
348,657,0
349,658,0
350,659,0
351,660,0
352,661,0
353,662,0
354,663,0
355,664,0
356,665,0
357,666,0
358,667,0
359,668,0
360,669,0
361,670,0
362,671,0
363,672,0
364,673,0
365,674,0
366,675,0
367,676,0
368,677,0
369,678,0
370,679,0
371,680,0
372,681,0
373,682,0
374,683,0
375,684,0
376,685,0
377,686,0
378,687,0
379,688,0
380,689,0
381,690,0
382,691,0
383,692,0
384,693,0
385,694,0
386,695,0
387,696,0
388,697,0
389,698,0
390,699,0
391,700,0
392,701,0
393,702,0
394,703,0
395,704,0
396,705,0
397,706,0
398,707,0
399,708,0
400,709,0
401,710,0
402,711,0
403,712,0
404,713,0
405,714,0
406,715,0
407,716,0
408,717,0
409,718,0
410,719,0
411,720,0
412,721,0
413,722,0
414,723,0
415,724,0
416,725,0
417,726,0
418,727,0
419,728,0
420,729,0
421,730,0
422,731,0
423,732,0
424,733,0
425,734,0
426,735,0
427,736,0
428,737,0
429,738,0
430,739,0
431,740,0
432,741,0
433,742,0
434,743,0
435,744,0
436,745,0
437,746,0
438,747,0
439,748,0
440,749,0
441,750,0
442,751,0
443,752,0
444,753,0
445,754,0
446,755,0
447,756,0
448,757,0
449,758,0
450,759,0
451,760,0
452,761,0
453,762,0
454,763,0
455,764,0
456,765,0
457,766,0
458,767,0
459,768,0
460,769,0
461,770,0
462,771,0
463,772,0
464,773,0
465,774,0
466,775,0
467,776,0
468,777,0
469,778,0
470,779,0
471,780,0
472,781,0
473,782,0
474,783,0
475,784,0
476,785,0
477,786,0
478,787,0
479,788,0
480,789,0
481,790,0
482,791,0
483,792,0
484,793,0
485,794,0
486,795,0
487,796,0
488,797,0
489,798,0
490,799,0
491,800,0
492,801,0
493,802,0
494,803,0
495,804,0
496,805,0
497,806,0
498,807,0
499,808,0
500,809,0
501,810,0
502,811,0
503,812,0
504,813,0
505,814,0
506,815,0
507,816,0
508,817,0
509,818,0
510,819,0
511,820,0
512,821,0
513,822,0
514,823,0
515,824,0
516,825,0
517,826,0
518,827,0
519,828,0
520,829,0
521,830,0
522,831,0
523,832,0
524,833,0
525,834,0
526,835,0
527,836,0
528,837,0
529,838,0
530,839,0
531,840,0
532,841,0
533,842,0
534,843,0
535,844,0
536,845,0
537,846,0
538,847,0
539,848,0
540,849,0
541,850,0
542,851,0
543,852,0
544,853,0
545,854,0
546,855,0
547,856,0
548,857,0
549,858,0
550,859,0
551,860,0
552,861,0
553,862,0
554,863,0
555,864,0
556,865,0
557,866,0
558,867,0
559,868,0
560,869,0
561,870,0
562,871,0
563,872,0
564,873,0
565,874,0
566,875,0
567,876,0
568,877,0
569,878,0
570,879,0
571,880,0
572,881,0
573,882,0
574,883,0
575,884,0
576,885,0
577,886,0
578,887,0
579,888,0
580,889,0
581,890,0
582,891,0
583,892,0
584,893,0
585,894,0
586,895,0
587,896,0
588,897,0
589,898,0
590,899,0
591,900,0
592,901,0
593,902,0
594,903,0
595,904,0
596,905,0
597,906,0
598,907,0
599,908,0
600,909,0
601,910,0
602,911,0
603,912,0
604,913,0
605,914,0
606,915,0
607,916,0
608,917,0
609,918,0
610,919,0
611,920,0
612,921,0
613,922,0
614,923,0
615,924,0
616,925,0
617,926,0
618,927,0
619,928,0
620,929,0
621,930,0
622,931,0
623,932,0
624,933,0
625,934,0
626,935,0
627,936,0
628,937,0
629,938,0
630,939,0
631,940,0
632,941,0
633,942,0
634,943,0
635,944,0
636,945,0
637,946,0
638,947,0
639,948,0
640,949,0
641,950,0
642,951,0
643,952,0
644,953,0
645,954,0
646,955,0
647,956,0
648,957,0
649,958,0
650,959,0
651,960,0
652,961,0
653,962,0
654,963,0
655,964,0
656,965,0
657,966,0
658,967,0
659,968,0
660,969,0
661,970,0
662,971,0
663,972,0
664,973,0
665,974,0
666,975,0
667,976,0
668,977,0
669,978,0
670,979,0
671,980,0
672,981,0
673,982,0
674,983,0
675,984,0
676,985,0
677,986,0
678,987,0
679,988,0
680,989,0
681,990,0
682,991,0
683,992,0
684,993,0
685,994,0
686,995,0
687,996,0
688,997,0
689,998,0
690,999,0
691,1000,0
692,1001,0
693,1002,0
694,1003,0
695,1004,0
696,1005,0
697,1006,0
698,1007,0
699,1008,0
700,1009,0
